Date,series ,OPEN ,HIGH ,LOW ,PREV. CLOSE ,ltp ,Close,vwap ,52W H ,52W L ,VOLUME ,VALUE ,No of trades 
30-Dec-2025,EQ,"185.93","186.70","178.55","185.93","181.25","180.75","181.23","199.75","122.50",2803365,"50,80,65,775.94",34453
29-Dec-2025,EQ,"183.30","187.80","182.89","183.02","185.95","185.93","185.15","199.75","122.50",1152162,"21,33,18,314.81",20164
26-Dec-2025,EQ,"191.97","191.97","181.82","192.01","183.30","183.02","185.22","199.75","122.50",2068117,"38,30,53,804.54",28188
24-Dec-2025,EQ,"193.40","193.75","191.00","192.77","191.51","192.01","192.19","199.75","122.50",567382,"10,90,44,626.77",9787
23-Dec-2025,EQ,"194.10","197.67","190.91","193.59","192.60","192.77","194.02","199.75","122.50",1455674,"28,24,35,784.08",21387
22-Dec-2025,EQ,"193.85","195.00","192.35","193.61","193.34","193.59","193.39","199.75","122.50",902639,"17,45,60,983.99",12743
19-Dec-2025,EQ,"191.48","199.75","191.00","191.27","193.10","193.61","195.83","199.75","122.50",3319849,"65,01,21,540.71",51637
18-Dec-2025,EQ,"190.20","192.99","189.22","190.88","190.40","191.27","191.34","195.25","122.50",1128494,"21,59,25,533.57",18291
17-Dec-2025,EQ,"191.10","193.82","188.21","191.94","190.00","190.88","191.04","195.25","122.50",1163848,"22,23,36,538.90",21320
16-Dec-2025,EQ,"192.00","195.25","190.50","191.21","191.00","191.94","192.88","195.25","122.50",2100842,"40,52,19,767.75",26812
15-Dec-2025,EQ,"188.00","193.00","186.75","188.30","191.58","191.21","191.00","194.39","122.50",2472041,"47,21,71,077.62",26499
12-Dec-2025,EQ,"190.00","190.96","187.15","189.28","187.99","188.30","189.02","197.68","122.50",1135177,"21,45,66,023.61",13976
11-Dec-2025,EQ,"185.01","190.00","185.01","186.53","189.85","189.28","187.93","197.68","122.50",1333895,"25,06,82,760.71",16773
10-Dec-2025,EQ,"190.00","190.97","185.00","188.89","186.00","186.53","187.96","197.68","122.50",1475424,"27,73,27,646.91",19918
09-Dec-2025,EQ,"182.40","190.47","178.30","182.14","189.20","188.89","185.98","197.68","122.50",3788262,"70,45,24,128.46",45081
08-Dec-2025,EQ,"182.79","182.99","179.47","182.29","182.40","182.14","181.27","197.68","122.50",2107443,"38,20,18,629.06",29339
05-Dec-2025,EQ,"185.10","185.71","178.31","185.88","181.82","182.29","181.68","203.00","122.50",2347566,"42,64,94,959.28",29071
04-Dec-2025,EQ,"184.39","187.94","182.37","184.39","184.90","185.88","186.34","203.00","122.50",2657597,"49,52,29,600.79",27398
03-Dec-2025,EQ,"182.72","187.88","181.60","181.86","184.21","184.39","184.97","203.00","122.50",5112571,"94,56,66,884.06",56280
02-Dec-2025,EQ,"180.70","183.20","179.85","180.32","182.00","181.86","182.28","203.00","122.50",2107294,"38,41,20,783.73",26370
01-Dec-2025,EQ,"178.98","184.50","178.98","178.72","180.01","180.32","181.14","203.00","122.50",3755988,"68,03,58,896.84",38751
28-Nov-2025,EQ,"174.94","179.51","174.70","174.94","178.50","178.72","178.16","203.00","122.50",1652143,"29,43,50,780.82",29760
27-Nov-2025,EQ,"181.00","181.90","174.00","180.15","174.85","174.94","176.53","203.00","122.50",1781404,"31,44,72,592.93",19765
26-Nov-2025,EQ,"179.00","181.90","178.17","178.84","180.28","180.15","180.50","203.00","122.50",1521164,"27,45,64,156.17",21287
25-Nov-2025,EQ,"180.18","180.70","177.01","179.88","178.84","178.84","179.18","203.00","122.50",1318832,"23,63,06,108.84",22178
24-Nov-2025,EQ,"179.00","182.99","177.20","177.95","179.85","179.88","180.74","203.00","122.50",4686173,"84,69,76,997.15",44924
21-Nov-2025,EQ,"181.00","181.00","176.50","177.31","177.80","177.95","178.93","203.00","122.50",4049138,"72,45,05,067.91",41791
20-Nov-2025,EQ,"175.25","180.75","174.46","173.86","177.11","177.31","177.79","203.00","122.50",7193793,"1,27,90,15,807.77",47009
19-Nov-2025,EQ,"175.90","176.85","173.50","174.94","173.55","173.86","175.00","203.00","122.50",1371278,"23,99,68,394.64",19943
18-Nov-2025,EQ,"175.61","176.80","173.10","175.62","175.00","174.94","175.20","203.00","122.50",1560183,"27,33,44,747.37",22915
17-Nov-2025,EQ,"175.10","177.60","174.61","174.43","175.01","175.62","176.10","203.00","122.50",1152181,"20,28,95,206.06",22393
14-Nov-2025,EQ,"173.55","176.24","172.14","174.89","174.40","174.43","174.62","203.00","122.50",2486833,"43,42,56,488.26",26782
13-Nov-2025,EQ,"174.81","178.40","174.22","174.81","174.61","174.89","176.47","203.00","122.50",3690714,"65,12,96,384.80",40133
12-Nov-2025,EQ,"174.30","175.13","172.10","179.71","174.63","174.81","173.57","203.00","122.50",2718638,"47,18,74,447.65",26134
11-Nov-2025,EQ,"178.10","181.78","176.67","177.15","179.75","179.71","179.17","203.00","122.50",5102848,"91,43,01,006.35",51569
10-Nov-2025,EQ,"181.00","181.51","175.31","179.60","176.92","177.15","177.49","203.00","122.50",4144498,"73,56,12,455.22",32259
07-Nov-2025,EQ,"172.59","183.00","171.44","171.82","179.25","179.60","179.17","203.00","122.50",15453386,"2,76,87,69,922.91",110152
06-Nov-2025,EQ,"175.10","179.57","171.00","162.78","171.62","171.82","175.15","203.00","122.50",24934698,"4,36,73,67,050.33",183346
04-Nov-2025,EQ,"165.54","166.02","161.50","165.28","162.98","162.78","162.99","203.00","122.50",1381255,"22,51,36,160.49",17877
03-Nov-2025,EQ,"168.00","168.50","165.00","166.62","165.30","165.28","166.14","203.00","122.50",1321169,"21,95,02,473.82",15802
31-Oct-2025,EQ,"169.99","169.99","166.01","169.02","166.89","166.62","167.24","203.00","122.50",1421965,"23,78,08,627.38",16690
30-Oct-2025,EQ,"169.00","171.54","165.50","166.01","168.66","169.02","168.86","203.00","122.50",6571456,"1,10,96,30,772.33",56369
29-Oct-2025,EQ,"160.00","167.00","159.16","158.99","165.55","166.01","164.84","203.00","122.50",5135759,"84,65,72,072.54",46782
28-Oct-2025,EQ,"161.00","162.00","158.50","160.77","159.20","158.99","160.05","203.00","122.50",983482,"15,74,09,952.60",14282
27-Oct-2025,EQ,"161.93","161.93","159.00","160.54","161.00","160.77","160.46","203.00","122.50",1098681,"17,62,91,351.38",15499
24-Oct-2025,EQ,"160.30","163.70","159.15","160.04","160.20","160.54","161.26","215.90","122.50",1951112,"31,46,28,602.58",23788
23-Oct-2025,EQ,"161.50","162.36","159.30","161.24","160.00","160.04","160.12","215.90","122.50",908759,"14,55,06,111.16",15287
21-Oct-2025,EQ,"160.40","162.33","160.40","159.92","160.90","161.24","161.36","215.90","122.50",274200,"4,42,45,931.43",5243
20-Oct-2025,EQ,"160.25","160.70","158.45","160.00","159.85","159.92","159.50","215.90","122.50",480668,"7,66,64,297.01",8976
17-Oct-2025,EQ,"160.10","160.51","158.20","160.10","160.25","160.00","159.59","216.48","122.50",1124707,"17,94,88,012.70",16391
16-Oct-2025,EQ,"163.37","163.60","159.50","163.28","159.55","160.10","160.61","216.48","122.50",1055284,"16,94,88,077.67",16556
15-Oct-2025,EQ,"158.30","164.60","156.40","158.19","163.25","163.28","161.85","216.48","122.50",3634881,"58,82,93,772.08",33381
14-Oct-2025,EQ,"161.00","161.80","157.05","161.00","158.21","158.19","158.63","216.48","122.50",959190,"15,21,55,395.75",17423
13-Oct-2025,EQ,"161.73","162.30","160.50","161.91","161.30","161.00","161.04","216.48","122.50",1344108,"21,64,61,268.43",21287
10-Oct-2025,EQ,"159.40","164.30","159.40","159.95","161.94","161.91","162.56","220.93","122.50",1338458,"21,75,85,049.19",24515
09-Oct-2025,EQ,"161.10","161.39","159.00","161.52","160.00","159.95","159.86","220.93","122.50",1105251,"17,66,82,593.50",17132
08-Oct-2025,EQ,"164.22","164.89","161.00","162.91","161.50","161.52","162.25","220.93","122.50",1268225,"20,57,74,021.91",23622
07-Oct-2025,EQ,"163.00","163.90","161.11","163.07","162.75","162.91","162.43","220.93","122.50",1678863,"27,26,91,073.52",23877
06-Oct-2025,EQ,"160.99","164.47","159.07","159.86","163.00","163.07","162.91","220.93","122.50",2912732,"47,45,20,032.89",27863
03-Oct-2025,EQ,"159.00","162.68","158.99","158.62","160.00","159.86","160.76","221.90","122.50",2380819,"38,27,40,962.78",23526
01-Oct-2025,EQ,"158.00","159.80","156.43","158.03","158.50","158.62","158.48","221.90","122.50",1037789,"16,44,64,358.76",13634
30-Sep-2025,EQ,"157.59","160.45","156.90","157.22","158.00","158.03","158.40","221.90","122.50",1187449,"18,80,88,287.05",22160
29-Sep-2025,EQ,"158.89","161.80","155.21","156.26","157.59","157.22","157.99","221.90","122.50",4284137,"67,68,70,406.96",39923
26-Sep-2025,EQ,"156.11","158.08","153.96","156.24","156.11","156.26","156.57","227.14","122.50",1659515,"25,98,33,012.48",23225
25-Sep-2025,EQ,"156.00","157.88","153.63","153.21","156.40","156.24","155.63","227.14","122.50",3033570,"47,21,22,890.66",35456
24-Sep-2025,EQ,"155.60","156.31","152.85","155.48","153.00","153.21","154.03","227.14","122.50",569027,"8,76,47,613.59",11170
23-Sep-2025,EQ,"157.40","157.96","154.75","157.97","155.60","155.48","155.63","227.14","122.50",818785,"12,74,27,549.49",13982
22-Sep-2025,EQ,"161.99","161.99","156.11","157.05","157.80","157.97","157.91","227.14","122.50",1342683,"21,20,24,186.89",17452
19-Sep-2025,EQ,"159.00","159.15","156.27","159.47","156.90","157.05","157.34","229.69","122.50",916499,"14,42,05,082.59",12637
18-Sep-2025,EQ,"162.00","162.15","157.10","162.26","159.00","159.47","158.75","229.69","122.50",1658820,"26,33,30,831.72",21322
17-Sep-2025,EQ,"161.43","163.00","161.00","161.41","162.01","162.26","162.01","229.69","122.50",618859,"10,02,62,042.64",10033
16-Sep-2025,EQ,"161.80","162.98","160.00","164.09","161.43","161.41","161.54","229.69","122.50",1484221,"23,97,60,566.94",25276
15-Sep-2025,EQ,"162.97","165.62","162.70","161.28","164.40","164.09","163.95","229.69","122.50",2800282,"45,91,15,095.63",31544
12-Sep-2025,EQ,"151.80","163.44","151.80","151.79","162.10","161.28","161.39","235.60","122.50",12229932,"1,97,38,06,057.12",114299
11-Sep-2025,EQ,"151.50","153.45","151.50","151.48","151.92","151.79","152.26","235.60","122.50",634583,"9,66,20,746.72",12688
10-Sep-2025,EQ,"150.89","152.61","150.51","150.62","151.70","151.48","151.65","235.60","122.50",618040,"9,37,27,768.34",11754
09-Sep-2025,EQ,"150.15","150.99","148.99","150.31","150.90","150.62","150.08","235.60","122.50",550021,"8,25,47,176.66",10585
08-Sep-2025,EQ,"151.65","151.65","150.00","150.95","150.40","150.31","150.64","235.60","122.50",498564,"7,51,04,909.72",14787
05-Sep-2025,EQ,"151.00","152.25","150.00","150.56","150.90","150.95","150.90","236.90","122.50",499572,"7,53,85,171.41",10168
04-Sep-2025,EQ,"154.90","155.99","150.13","154.75","150.75","150.56","151.90","236.90","122.50",1013106,"15,38,88,573.20",25665
03-Sep-2025,EQ,"152.10","155.90","152.10","152.34","154.76","154.75","154.58","236.90","122.50",766319,"11,84,57,644.13",14703
02-Sep-2025,EQ,"152.38","154.25","150.45","152.39","152.14","152.34","153.32","236.90","122.50",1351183,"20,71,63,243.48",15036
01-Sep-2025,EQ,"149.10","154.50","148.49","149.11","151.55","152.39","151.50","236.90","122.50",802721,"12,16,13,218.57",16269
29-Aug-2025,EQ,"150.99","151.59","148.54","150.99","149.24","149.11","149.59","238.90","122.50",800319,"11,97,20,349.56",14041
28-Aug-2025,EQ,"151.91","152.50","147.35","156.22","151.60","150.99","149.79","238.90","122.50",1927534,"28,87,17,350.88",25259
26-Aug-2025,EQ,"157.90","159.50","155.63","156.91","156.00","156.22","157.85","238.90","122.50",2261976,"35,70,51,917.65",26695
25-Aug-2025,EQ,"156.52","157.95","155.20","156.06","157.18","156.91","156.78","238.90","122.50",779521,"12,22,16,175.72",10730
22-Aug-2025,EQ,"157.75","158.30","155.70","156.77","155.80","156.06","156.31","238.90","122.50",667926,"10,44,05,431.79",9537
21-Aug-2025,EQ,"156.10","157.95","155.94","155.94","156.84","156.77","156.99","238.90","122.50",971708,"15,25,45,444.45",12123
20-Aug-2025,EQ,"154.65","156.95","154.41","154.37","156.00","155.94","155.86","238.90","122.50",829353,"12,92,59,835.70",8898
19-Aug-2025,EQ,"154.04","154.88","153.14","153.66","154.65","154.37","154.03","238.90","122.50",1006234,"15,49,85,403.08",28473
18-Aug-2025,EQ,"156.80","156.80","152.81","153.83","153.70","153.66","153.98","238.90","122.50",885357,"13,63,28,475.15",13911
14-Aug-2025,EQ,"154.10","156.89","153.43","157.42","153.62","153.83","154.35","250.69","122.50",970243,"14,97,58,120.86",15258
13-Aug-2025,EQ,"157.60","160.40","155.45","156.70","156.85","157.42","157.78","250.69","122.50",1117403,"17,63,01,849.54",15758
12-Aug-2025,EQ,"155.65","159.00","155.10","155.44","156.38","156.70","157.02","250.69","122.50",623850,"9,79,55,491.62",14736
11-Aug-2025,EQ,"157.25","157.59","153.61","157.48","155.39","155.44","155.68","250.69","122.50",599422,"9,33,16,043.35",16278
08-Aug-2025,EQ,"152.77","158.80","152.50","152.70","157.00","157.48","157.50","250.69","122.50",1864627,"29,36,87,465.91",24378
07-Aug-2025,EQ,"154.65","156.55","150.36","154.85","153.95","152.70","153.12","250.69","122.50",1229726,"18,82,93,969.89",18084
06-Aug-2025,EQ,"159.10","160.80","153.83","158.57","154.50","154.85","156.19","250.69","122.50",1389915,"21,70,93,056.82",16764
05-Aug-2025,EQ,"159.20","160.55","157.90","158.66","158.52","158.57","158.68","250.69","122.50",371640,"5,89,72,131.56",7304
04-Aug-2025,EQ,"159.74","160.00","158.00","159.74","158.75","158.66","158.82","250.69","122.50",423325,"6,72,32,053.91",8851
01-Aug-2025,EQ,"158.23","163.50","158.10","158.23","159.35","159.74","161.64","250.69","122.50",1731678,"27,99,00,539.70",24821
31-Jul-2025,EQ,"157.90","160.20","157.00","158.72","158.01","158.23","158.85","250.69","122.50",547600,"8,69,87,900.54",8663
30-Jul-2025,EQ,"159.65","162.11","158.16","159.66","159.00","158.72","159.67","250.69","122.50",595711,"9,51,17,230.85",17146
29-Jul-2025,EQ,"156.00","160.08","154.30","156.48","160.01","159.66","157.83","250.69","122.50",1686365,"26,61,65,095.69",18335
28-Jul-2025,EQ,"160.75","161.91","156.05","160.58","156.20","156.48","158.59","250.69","122.50",967634,"15,34,60,889.55",20836
25-Jul-2025,EQ,"166.25","166.70","159.11","165.83","161.30","160.58","161.89","250.69","122.50",2696048,"43,64,68,700.08",31660
24-Jul-2025,EQ,"161.60","168.20","161.60","161.31","165.25","165.83","166.28","250.69","122.50",4666987,"77,60,22,066.26",46767
23-Jul-2025,EQ,"161.80","163.51","160.63","161.64","161.10","161.31","161.55","250.69","122.50",730085,"11,79,48,771.60",11191
22-Jul-2025,EQ,"165.00","167.50","161.48","164.38","161.61","161.64","163.77","250.69","122.50",1756528,"28,76,68,139.65",20478
21-Jul-2025,EQ,"163.80","165.40","162.98","163.10","164.25","164.38","164.14","250.69","122.50",1695494,"27,83,05,976.26",34598
18-Jul-2025,EQ,"159.50","164.50","159.10","159.62","163.14","163.10","161.96","250.69","122.50",2910919,"47,14,58,381.03",32084
17-Jul-2025,EQ,"160.30","161.90","159.06","159.80","159.40","159.62","160.44","250.69","122.50",607362,"9,74,44,532.65",10090
16-Jul-2025,EQ,"159.40","162.30","158.77","159.27","159.99","159.80","160.12","250.69","122.50",1014573,"16,24,52,338.47",14996
15-Jul-2025,EQ,"158.89","161.55","158.88","158.63","159.50","159.27","159.80","250.69","122.50",1526801,"24,39,86,617.22",22710
14-Jul-2025,EQ,"158.69","159.70","157.05","158.27","158.72","158.63","158.60","250.69","122.50",629463,"9,98,35,220.67",10101
11-Jul-2025,EQ,"156.00","160.40","156.00","156.24","158.19","158.27","158.46","250.69","122.50",1674006,"26,52,59,555.78",21785
10-Jul-2025,EQ,"155.96","158.84","155.60","155.96","156.65","156.24","156.74","250.69","122.50",623140,"9,76,70,661.44",11384
09-Jul-2025,EQ,"155.40","157.00","155.35","155.31","156.18","155.96","156.16","250.69","122.50",1056761,"16,50,23,490.21",15970
08-Jul-2025,EQ,"157.30","158.13","154.81","157.36","155.27","155.31","155.83","250.69","122.50",990499,"15,43,48,552.61",16607
07-Jul-2025,EQ,"156.60","158.25","156.13","157.07","157.20","157.36","157.10","250.69","122.50",684771,"10,75,78,480.73",13424
04-Jul-2025,EQ,"158.41","159.00","156.00","158.41","157.10","157.07","157.19","250.69","122.50",821919,"12,91,98,236.78",20262
03-Jul-2025,EQ,"159.10","160.71","157.15","158.40","158.20","158.41","158.72","250.69","122.50",1290573,"20,48,39,648.64",24615
02-Jul-2025,EQ,"161.15","161.48","157.80","160.65","158.70","158.40","158.94","250.69","122.50",925828,"14,71,54,219.04",13688
01-Jul-2025,EQ,"162.00","163.73","159.31","161.52","160.59","160.65","161.04","250.69","122.50",1244932,"20,04,80,366.95",16285
30-Jun-2025,EQ,"163.50","163.80","160.52","162.95","161.70","161.52","161.84","250.69","122.50",892885,"14,45,06,483.79",16537
27-Jun-2025,EQ,"162.40","165.14","161.40","161.71","162.91","162.95","163.74","250.69","122.50",1968498,"32,23,17,575.45",24642
26-Jun-2025,EQ,"162.49","163.95","160.00","162.04","162.00","161.71","161.56","250.69","122.50",779601,"12,59,48,844.29",20846
25-Jun-2025,EQ,"159.50","163.90","159.50","158.99","162.00","162.04","162.35","250.69","122.50",1429129,"23,20,14,814.96",18080
24-Jun-2025,EQ,"162.05","162.68","158.58","161.13","159.09","158.99","160.06","250.69","122.50",1200677,"19,21,85,676.02",17031
23-Jun-2025,EQ,"154.00","163.69","153.42","155.07","160.99","161.13","160.28","250.69","122.50",7762476,"1,24,41,31,378.84",73084
20-Jun-2025,EQ,"156.66","158.85","154.40","156.61","155.15","155.07","156.28","250.69","122.50",1502812,"23,48,60,613.60",24540
19-Jun-2025,EQ,"158.90","160.92","155.75","159.11","156.66","156.61","157.52","250.69","122.50",1120509,"17,64,97,152.70",12335
18-Jun-2025,EQ,"159.79","160.75","158.35","159.06","159.00","159.11","159.14","250.69","122.50",663609,"10,56,09,166.08",8075
17-Jun-2025,EQ,"160.70","161.90","158.15","160.19","159.24","159.06","159.89","250.69","122.50",965205,"15,43,26,553.43",13872
16-Jun-2025,EQ,"159.89","163.14","157.85","159.00","160.40","160.19","159.96","250.69","122.50",1590834,"25,44,63,570.05",23737
13-Jun-2025,EQ,"157.20","162.19","156.68","161.23","159.10","159.00","159.17","250.69","122.50",1807337,"28,76,74,630.13",26683
12-Jun-2025,EQ,"164.00","165.90","159.60","163.60","161.70","161.23","162.92","250.69","122.50",2227423,"36,28,86,166.69",24059
11-Jun-2025,EQ,"164.00","165.40","161.50","163.33","163.30","163.60","163.29","250.69","122.50",2588751,"42,27,12,407.92",27953
10-Jun-2025,EQ,"160.40","167.50","159.15","159.48","163.30","163.33","164.25","250.69","122.50",8093633,"1,32,94,01,842.97",68798
09-Jun-2025,EQ,"157.92","163.03","157.89","157.25","159.50","159.48","160.48","250.69","122.50",3244565,"52,06,81,574.30",37580
06-Jun-2025,EQ,"158.50","159.45","156.31","157.99","157.43","157.25","157.51","250.69","122.50",1159821,"18,26,81,324.16",17317
05-Jun-2025,EQ,"157.10","161.10","157.01","156.83","157.98","157.99","158.69","250.69","122.50",1970201,"31,26,46,211.05",23284
04-Jun-2025,EQ,"155.50","158.25","153.70","155.28","157.01","156.83","156.19","250.69","122.50",1614165,"25,21,23,164.72",19533
03-Jun-2025,EQ,"159.30","159.98","154.60","158.25","154.97","155.28","156.16","250.69","122.50",2163993,"33,79,33,427.26",26748
02-Jun-2025,EQ,"157.91","161.30","157.38","156.15","158.00","158.25","158.83","250.69","122.50",4516952,"71,74,36,568.91",50613
30-May-2025,EQ,"150.15","165.33","150.15","147.93","156.38","156.15","160.66","250.69","122.50",37889098,"6,08,70,89,677.92",249548
29-May-2025,EQ,"148.65","149.59","147.00","148.29","147.75","147.93","147.85","250.69","122.50",658068,"9,72,98,202.40",9096
28-May-2025,EQ,"148.00","150.00","147.45","147.39","148.70","148.29","148.55","250.69","122.50",1051632,"15,62,15,449.48",15634
27-May-2025,EQ,"148.00","148.60","145.85","147.92","147.80","147.39","147.13","250.69","122.50",603436,"8,87,85,359.58",12483
26-May-2025,EQ,"146.99","149.19","146.99","146.97","147.95","147.92","148.10","250.69","122.50",734743,"10,88,12,515.74",11489
23-May-2025,EQ,"145.60","149.09","145.24","145.06","147.00","146.97","147.46","250.69","122.50",1042397,"15,37,11,413.24",21563
22-May-2025,EQ,"146.00","147.59","143.48","146.74","144.65","145.06","145.11","250.69","122.50",996623,"14,46,15,410.35",24174
21-May-2025,EQ,"145.80","148.35","144.10","145.38","146.97","146.74","146.17","250.69","122.50",1026858,"15,00,94,665.27",16402
20-May-2025,EQ,"148.75","149.69","144.03","148.10","145.50","145.38","146.37","250.69","122.50",1456748,"21,32,26,165.16",19160
19-May-2025,EQ,"145.65","151.27","145.53","144.96","148.15","148.10","149.28","250.69","122.50",2551734,"38,09,31,594.72",39026
16-May-2025,EQ,"144.40","146.49","143.55","143.56","145.00","144.96","145.24","250.69","122.50",1518453,"22,05,37,277.38",18338
15-May-2025,EQ,"143.40","145.87","143.00","142.52","143.85","143.56","143.83","250.69","122.50",1189188,"17,10,44,284.35",18490
14-May-2025,EQ,"140.00","144.30","139.50","139.16","142.80","142.52","141.48","250.69","122.50",1259687,"17,82,25,257.95",22992
13-May-2025,EQ,"138.00","139.77","136.00","138.28","139.20","139.16","138.53","250.69","122.50",920053,"12,74,50,403.74",14069
12-May-2025,EQ,"136.00","138.79","135.02","131.27","138.48","138.28","137.07","250.69","122.50",974413,"13,35,58,044.34",13347
09-May-2025,EQ,"129.50","131.97","128.51","132.14","131.97","131.27","130.13","250.69","122.50",791651,"10,30,13,884.54",19155
08-May-2025,EQ,"132.41","136.50","131.00","131.87","131.00","132.14","134.34","250.69","122.50",1139986,"15,31,49,252.79",18915
07-May-2025,EQ,"129.00","132.84","129.00","130.85","132.42","131.87","131.16","250.69","122.50",897702,"11,77,45,158.64",14549
06-May-2025,EQ,"135.97","136.26","130.45","135.97","130.50","130.85","132.83","250.69","122.50",1012282,"13,44,59,449.39",14204
05-May-2025,EQ,"134.40","138.50","133.61","132.65","136.00","135.97","136.33","250.69","122.50",1402658,"19,12,27,119.35",17318
02-May-2025,EQ,"133.12","136.67","132.15","132.99","132.88","132.65","133.43","250.69","122.50",1550496,"20,68,86,469.11",22576
30-Apr-2025,EQ,"137.58","138.00","132.10","137.47","133.70","132.99","134.63","250.69","122.50",1283178,"17,27,58,312.56",16512
29-Apr-2025,EQ,"138.95","140.57","137.02","138.00","137.58","137.47","138.20","250.69","122.50",1027363,"14,19,80,551.09",13423
28-Apr-2025,EQ,"140.11","140.62","137.15","141.34","138.15","138.00","138.80","250.69","122.50",1312856,"18,22,20,443.73",21597
25-Apr-2025,EQ,"147.80","148.04","139.77","147.42","141.20","141.34","142.44","250.69","122.50",1794170,"25,55,57,442.46",21439
24-Apr-2025,EQ,"150.45","151.29","146.91","149.81","147.62","147.42","148.86","250.69","122.50",1508879,"22,46,17,768.45",17439
23-Apr-2025,EQ,"152.30","155.70","148.60","150.05","150.25","149.81","151.58","250.69","122.50",3333264,"50,52,44,671.82",43572
22-Apr-2025,EQ,"151.00","152.20","148.50","151.13","150.30","150.05","150.57","250.69","122.50",1592417,"23,97,68,751.70",21154
21-Apr-2025,EQ,"145.49","151.67","142.36","143.12","151.29","151.13","149.42","250.69","122.50",5102309,"76,24,08,412.29",49482
17-Apr-2025,EQ,"143.40","145.18","142.24","143.41","143.49","143.12","143.94","250.69","122.50",808247,"11,63,36,511.03",17255
16-Apr-2025,EQ,"141.60","145.28","141.26","141.43","143.00","143.41","143.33","250.69","122.50",1045837,"14,98,94,617.20",17004
15-Apr-2025,EQ,"140.00","142.20","138.58","138.76","141.61","141.43","140.58","250.69","122.50",898027,"12,62,40,449.31",15863
11-Apr-2025,EQ,"137.49","139.95","135.59","134.86","138.80","138.76","137.93","250.69","122.50",1019079,"14,05,61,089.25",15942
09-Apr-2025,EQ,"135.00","136.29","133.10","136.72","135.25","134.86","134.46","250.69","122.50",542855,"7,29,92,772.04",14093
08-Apr-2025,EQ,"137.00","137.95","133.50","133.56","136.40","136.72","135.87","250.69","122.50",665661,"9,04,44,942.85",14421
07-Apr-2025,EQ,"129.99","134.50","127.74","138.70","134.31","133.56","131.22","250.69","122.50",1391862,"18,26,43,600.71",29100
04-Apr-2025,EQ,"141.60","143.09","136.71","142.70","138.82","138.70","138.79","250.69","122.50",887041,"12,31,14,319.28",14328
03-Apr-2025,EQ,"138.50","143.32","138.14","141.42","142.91","142.70","141.64","250.69","122.50",1252527,"17,74,04,617.76",20775
02-Apr-2025,EQ,"141.49","142.23","137.10","140.45","141.40","141.42","139.69","250.69","122.50",913188,"12,75,67,173.35",15348
01-Apr-2025,EQ,"137.69","141.49","137.02","138.09","140.99","140.45","140.01","250.69","122.50",1170820,"16,39,24,626.35",15744
28-Mar-2025,EQ,"143.00","144.85","137.70","142.10","138.15","138.09","140.99","250.69","122.50",2203709,"31,07,03,091.49",29344
27-Mar-2025,EQ,"134.30","146.90","134.16","134.47","142.79","142.10","143.50","250.69","122.50",14746579,"2,11,60,76,303.80",120538
26-Mar-2025,EQ,"138.05","138.88","134.00","138.88","134.29","134.47","136.19","250.69","122.50",1117927,"15,22,45,997.22",18210
25-Mar-2025,EQ,"144.00","145.90","138.00","141.85","138.40","138.88","140.86","250.69","122.50",1947965,"27,43,93,248.64",26174
24-Mar-2025,EQ,"137.09","145.70","136.74","135.88","141.66","141.85","141.89","250.69","122.50",4050696,"57,47,35,008.79",61908
21-Mar-2025,EQ,"137.24","137.59","135.41","136.40","136.00","135.88","136.50","250.69","122.50",1345393,"18,36,45,443.06",22928
20-Mar-2025,EQ,"138.00","140.58","136.00","136.71","136.60","136.40","137.33","250.69","122.50",1987138,"27,28,91,299.41",28976
19-Mar-2025,EQ,"132.00","137.50","132.00","131.69","137.11","136.71","136.11","250.69","122.50",1644805,"22,38,70,127.13",20926
18-Mar-2025,EQ,"130.50","135.55","130.10","129.87","131.85","131.69","133.06","250.69","122.50",1755100,"23,35,42,270.33",19299
17-Mar-2025,EQ,"133.05","133.44","129.09","132.18","129.89","129.87","130.85","250.69","122.50",810265,"10,60,23,195.88",16457
13-Mar-2025,EQ,"131.71","134.20","130.33","130.34","132.10","132.18","132.61","250.69","122.50",1347282,"17,86,65,498.52",25737
12-Mar-2025,EQ,"135.70","135.98","129.10","135.71","130.50","130.34","131.70","250.69","122.50",1549599,"20,40,79,155.04",34222
11-Mar-2025,EQ,"128.91","136.95","128.50","133.70","135.97","135.71","134.95","250.69","122.50",1268831,"17,12,24,819.61",27630
10-Mar-2025,EQ,"138.00","138.00","132.60","136.95","132.79","133.70","134.78","250.69","122.50",855970,"11,53,64,851.29",15412
07-Mar-2025,EQ,"137.00","138.26","136.20","136.61","137.00","136.95","137.09","250.69","122.50",1063585,"14,58,04,760.19",19205
06-Mar-2025,EQ,"137.49","137.58","135.28","136.43","136.20","136.61","136.47","250.69","122.50",731796,"9,98,65,077.91",15569
05-Mar-2025,EQ,"132.85","137.10","132.05","132.85","136.07","136.43","135.87","250.69","122.50",896477,"12,18,01,121.21",17952
04-Mar-2025,EQ,"127.50","134.25","125.00","129.17","132.50","132.85","131.06","250.69","122.50",1441812,"18,89,57,697.39",27247
03-Mar-2025,EQ,"130.00","131.30","122.50","124.95","129.35","129.17","127.22","250.69","122.50",2541497,"32,33,18,084.58",51255
28-Feb-2025,EQ,"128.85","131.39","124.00","129.48","126.90","124.95","126.45","250.69","124.00",1305397,"16,50,71,303.34",26780
27-Feb-2025,EQ,"133.70","134.00","128.50","133.65","129.00","129.48","130.87","250.69","127.56",1096292,"14,34,72,261.97",18592
25-Feb-2025,EQ,"133.97","136.55","133.26","133.97","133.80","133.65","134.77","250.69","127.56",690081,"9,30,05,312.57",22890
24-Feb-2025,EQ,"136.00","136.00","132.05","136.17","133.75","133.97","133.99","250.69","127.56",628157,"8,41,64,822.34",15187
21-Feb-2025,EQ,"136.70","137.67","134.23","136.75","136.15","136.17","136.17","250.69","127.56",978000,"13,31,71,629.91",22019
20-Feb-2025,EQ,"136.15","136.95","133.84","136.15","136.80","136.75","136.28","250.69","127.56",861492,"11,74,00,094.29",14253
19-Feb-2025,EQ,"135.23","138.92","134.35","136.81","136.18","136.15","137.11","250.69","127.56",1372871,"18,82,29,376.01",46673
18-Feb-2025,EQ,"131.50","137.85","130.33","130.27","137.23","136.81","135.02","250.69","127.56",2869827,"38,74,82,203.91",49446
17-Feb-2025,EQ,"132.30","132.86","127.56","132.36","130.39","130.27","129.84","250.69","127.56",1641307,"21,31,03,188.96",36205
14-Feb-2025,EQ,"134.70","136.11","129.55","134.76","132.23","132.36","132.39","250.69","129.55",1490933,"19,73,79,145.64",28737
13-Feb-2025,EQ,"137.35","139.59","133.00","136.82","134.69","134.76","136.80","250.69","133.00",1285513,"17,58,55,809.89",25241
12-Feb-2025,EQ,"136.34","138.42","133.00","138.76","136.98","136.82","136.09","250.69","133.00",1518036,"20,65,96,065.65",40492
11-Feb-2025,EQ,"144.50","144.85","137.30","144.34","138.85","138.76","139.42","250.69","137.30",1685294,"23,49,69,170.66",35581
10-Feb-2025,EQ,"147.98","148.29","142.05","148.29","144.00","144.34","143.98","250.69","138.00",1779889,"25,62,72,363.96",32725
07-Feb-2025,EQ,"152.00","152.00","147.65","152.05","148.39","148.29","149.11","250.69","138.00",922884,"13,76,06,654.11",23236
06-Feb-2025,EQ,"151.30","152.51","149.18","151.20","151.50","152.05","151.56","250.69","138.00",839831,"12,72,81,432.94",15100
05-Feb-2025,EQ,"150.84","156.54","150.27","150.64","151.22","151.20","152.97","250.69","138.00",1282005,"19,61,12,348.36",31353
04-Feb-2025,EQ,"153.30","157.31","149.80","153.17","150.40","150.64","151.84","250.69","138.00",1238367,"18,80,33,549.83",34629
03-Feb-2025,EQ,"154.79","154.79","149.47","156.88","153.38","153.17","152.22","250.69","138.00",702547,"10,69,41,151.53",19733
01-Feb-2025,EQ,"153.40","158.43","152.56","151.76","155.76","156.88","156.24","250.69","138.00",1163275,"18,17,47,192.35",27091
31-Jan-2025,EQ,"150.01","153.73","148.72","149.52","152.10","151.76","150.63","250.69","138.00",1337517,"20,14,76,228.30",30368
30-Jan-2025,EQ,"150.00","151.55","148.10","150.42","150.00","149.52","149.50","250.69","138.00",1026185,"15,34,17,020.80",28577
29-Jan-2025,EQ,"142.64","151.95","142.62","142.64","151.95","150.42","148.22","250.69","138.00",1307629,"19,38,19,480.77",32319
28-Jan-2025,EQ,"147.95","148.82","138.00","147.68","142.50","142.64","142.53","250.69","138.00",1763564,"25,13,56,629.82",43960
27-Jan-2025,EQ,"149.00","149.00","144.13","150.83","147.00","147.68","146.92","250.69","144.13",1281397,"18,82,68,138.45",29496
24-Jan-2025,EQ,"155.99","156.00","149.90","155.99","151.02","150.83","151.62","250.69","149.90",1848193,"28,02,26,420.90",51965
23-Jan-2025,EQ,"156.60","159.58","154.44","156.59","155.99","155.99","157.05","250.69","154.44",1214501,"19,07,43,282.82",25911
22-Jan-2025,EQ,"164.10","164.24","154.55","164.43","156.23","156.59","157.31","250.69","154.55",1644560,"25,87,11,755.90",42270
21-Jan-2025,EQ,"168.90","170.05","164.01","168.21","164.50","164.43","166.59","250.69","154.60",515240,"8,58,34,616.60",12733
20-Jan-2025,EQ,"166.40","169.12","163.80","165.45","168.00","168.21","166.93","250.69","154.60",689679,"11,51,27,414.66",19324
17-Jan-2025,EQ,"166.42","167.38","164.41","166.42","166.10","165.45","165.60","250.69","153.00",538578,"8,91,86,329.84",14619
16-Jan-2025,EQ,"166.02","167.39","163.55","164.15","166.35","166.42","165.89","250.69","153.00",834806,"13,84,84,371.85",24605
15-Jan-2025,EQ,"168.00","169.59","163.11","165.49","163.90","164.15","165.77","250.69","153.00",702001,"11,63,70,146.31",22124
14-Jan-2025,EQ,"164.99","166.01","160.57","164.99","166.00","165.49","164.33","250.69","153.00",936146,"15,38,34,756.97",27161
13-Jan-2025,EQ,"164.97","166.35","161.36","166.43","165.01","164.99","164.29","250.69","153.00",1282276,"21,06,64,542.89",30627
10-Jan-2025,EQ,"169.00","169.18","163.06","169.18","167.75","166.43","165.62","250.69","153.00",904726,"14,98,38,529.56",25284
09-Jan-2025,EQ,"172.10","173.44","168.61","172.09","168.98","169.18","171.10","250.69","153.00",431837,"7,38,85,408.66",16492
08-Jan-2025,EQ,"174.00","175.42","169.51","175.20","172.55","172.09","171.69","250.69","153.00",691946,"11,88,02,305.58",22916
07-Jan-2025,EQ,"174.06","177.59","174.00","175.62","175.00","175.20","176.04","250.69","153.00",471720,"8,30,41,124.55",13371
06-Jan-2025,EQ,"182.00","182.04","172.91","183.04","175.53","175.62","175.85","250.69","153.00",1048057,"18,43,05,125.01",32868
03-Jan-2025,EQ,"183.90","186.80","182.60","184.22","182.82","183.04","184.42","250.69","152.05",627089,"11,56,46,269.70",14119
02-Jan-2025,EQ,"183.03","185.10","182.33","183.03","184.22","184.22","183.73","250.69","152.05",403496,"7,41,35,470.69",10568
01-Jan-2025,EQ,"181.70","183.60","181.55","182.28","183.20","183.03","182.72","250.69","152.05",283938,"5,18,81,728.11",8278
31-Dec-2024,EQ,"177.00","183.64","176.66","177.92","182.00","182.28","180.23","250.69","152.05",623612,"11,23,94,115.33",17868
30-Dec-2024,EQ,"179.71","183.40","177.20","179.71","178.49","177.92","180.47","250.69","152.05",797152,"14,38,63,955.44",35235
27-Dec-2024,EQ,"180.69","181.09","179.22","179.04","179.94","179.71","179.95","250.69","144.85",282958,"5,09,17,253.01",7967
26-Dec-2024,EQ,"180.74","182.36","178.29","179.99","179.95","179.04","180.09","250.69","144.85",385252,"6,93,79,766.05",8567
24-Dec-2024,EQ,"182.55","183.45","179.47","181.66","180.00","179.99","181.33","250.69","144.85",355013,"6,43,74,530.79",9234
23-Dec-2024,EQ,"184.20","185.79","180.00","184.34","182.00","181.66","182.25","250.69","144.85",610158,"11,12,02,072.66",18706
20-Dec-2024,EQ,"189.25","192.04","183.03","191.28","184.05","184.34","186.63","250.69","138.00",716269,"13,36,79,749.12",14919
19-Dec-2024,EQ,"188.30","192.70","187.45","191.91","190.80","191.28","190.95","250.69","138.00",891443,"17,02,22,400.45",21710
18-Dec-2024,EQ,"190.71","192.20","189.60","191.61","192.00","191.91","191.54","250.69","138.00",846996,"16,22,34,501.41",21281
17-Dec-2024,EQ,"191.39","192.60","189.32","190.67","191.49","191.61","191.11","250.69","138.00",894253,"17,08,99,685.93",21190
16-Dec-2024,EQ,"193.50","194.39","190.00","193.50","190.96","190.67","191.53","250.69","138.00",718598,"13,76,33,177.55",12120
13-Dec-2024,EQ,"195.00","195.33","189.20","195.33","193.52","193.50","192.29","250.69","138.00",987642,"18,99,16,127.57",24848
12-Dec-2024,EQ,"196.77","197.68","193.64","196.30","195.60","195.33","195.51","250.69","138.00",1680781,"32,86,08,379.64",26632
11-Dec-2024,EQ,"190.90","197.00","190.41","189.79","196.00","196.30","194.29","250.69","138.00",1362696,"26,47,60,669.75",19890
10-Dec-2024,EQ,"193.30","196.30","189.01","193.16","190.40","189.79","190.87","250.69","138.00",1824569,"34,82,62,988.33",22937
09-Dec-2024,EQ,"192.80","194.80","190.86","193.27","193.30","193.16","193.01","250.69","138.00",880063,"16,98,59,448.92",18726
06-Dec-2024,EQ,"192.00","194.00","190.32","191.34","193.79","193.27","192.71","250.69","138.00",895995,"17,26,65,671.27",18720
05-Dec-2024,EQ,"195.34","195.70","190.50","195.50","191.22","191.34","192.14","250.69","138.00",1076370,"20,68,15,112.43",26470
04-Dec-2024,EQ,"199.69","199.69","194.26","198.69","195.20","195.50","196.27","250.69","138.00",945548,"18,55,86,557.85",22409
03-Dec-2024,EQ,"188.00","203.00","187.41","187.53","198.70","198.69","198.49","250.69","138.00",6036706,"1,19,82,38,551.68",77750
02-Dec-2024,EQ,"187.60","188.21","185.13","187.57","187.51","187.53","186.91","250.69","138.00",448731,"8,38,70,544.39",9871
29-Nov-2024,EQ,"185.80","189.00","183.60","185.12","187.00","187.57","186.41","250.69","137.20",769189,"14,33,81,299.73",14765
28-Nov-2024,EQ,"182.55","187.05","182.55","183.60","185.45","185.12","185.81","250.69","137.20",1090952,"20,27,12,099.30",23121
27-Nov-2024,EQ,"181.21","186.50","181.00","181.50","184.00","183.60","184.02","250.69","137.20",1092835,"20,11,07,176.65",16245
26-Nov-2024,EQ,"178.00","183.65","178.00","179.51","181.21","181.50","181.66","250.69","137.20",755386,"13,72,20,994.48",14363
25-Nov-2024,EQ,"181.00","181.91","177.01","178.95","178.80","179.51","179.54","250.69","137.20",2018454,"36,23,88,672.62",34647
22-Nov-2024,EQ,"168.00","179.90","168.00","168.26","177.94","178.95","175.82","250.69","134.60",2872189,"50,49,94,439.25",46182
21-Nov-2024,EQ,"172.75","173.20","167.20","173.45","168.60","168.26","169.11","250.69","134.60",1179725,"19,95,05,505.51",26699
19-Nov-2024,EQ,"172.70","178.03","172.05","175.65","172.75","173.45","175.57","250.69","134.60",910243,"15,98,11,491.69",14791
18-Nov-2024,EQ,"176.99","179.93","174.00","175.56","176.44","175.65","176.33","250.69","134.60",978458,"17,25,35,335.87",16866
14-Nov-2024,EQ,"175.99","181.50","175.00","175.51","176.62","175.56","177.75","250.69","134.60",940163,"16,71,17,602.91",24833
13-Nov-2024,EQ,"179.10","182.21","174.00","179.28","174.29","175.51","178.03","250.69","134.60",1343633,"23,92,05,192.24",29917
12-Nov-2024,EQ,"182.73","183.58","178.00","182.73","178.50","179.28","181.02","250.69","134.60",637205,"11,53,49,784.14",15787
11-Nov-2024,EQ,"183.18","184.65","180.16","183.18","182.20","182.73","182.44","250.69","134.60",1073264,"19,58,04,606.46",27070
08-Nov-2024,EQ,"189.33","189.90","182.41","189.33","183.00","183.18","185.18","250.69","124.90",1117990,"20,70,28,381.95",25074
07-Nov-2024,EQ,"192.55","195.19","188.50","195.53","188.80","189.33","191.11","250.69","124.90",1552213,"29,66,39,579.11",31414
06-Nov-2024,EQ,"193.89","197.85","192.00","193.02","195.70","195.53","194.79","250.69","124.90",2213348,"43,11,36,285.37",47669
05-Nov-2024,EQ,"194.85","194.90","189.00","195.64","192.99","193.02","191.73","250.69","124.90",1564781,"30,00,22,149.18",50759
04-Nov-2024,EQ,"201.10","201.45","194.80","199.45","194.81","195.64","197.31","250.69","124.90",696072,"13,73,43,571.85",18497
01-Nov-2024,EQ,"198.46","200.26","198.46","197.37","199.81","199.45","199.55","250.69","120.45",157923,"3,15,14,307.48",3689
31-Oct-2024,EQ,"195.30","199.88","195.28","195.85","198.80","197.37","197.62","250.69","120.45",761570,"15,04,97,978.29",17726
30-Oct-2024,EQ,"193.00","197.40","191.40","193.17","195.40","195.85","195.71","250.69","120.45",993957,"19,45,24,679.67",19280
29-Oct-2024,EQ,"191.80","194.18","189.20","191.35","193.75","193.17","191.49","250.69","120.45",963532,"18,45,02,132.24",25682
28-Oct-2024,EQ,"190.65","193.77","187.54","190.54","191.38","191.35","191.10","250.69","120.45",1038687,"19,84,93,580.12",29882
25-Oct-2024,EQ,"196.75","196.89","187.35","196.20","192.00","190.54","191.19","250.69","116.25",1544871,"29,53,70,077.65",41279
24-Oct-2024,EQ,"198.20","201.59","195.05","199.78","196.00","196.20","198.05","250.69","116.25",801503,"15,87,34,716.23",22279
23-Oct-2024,EQ,"200.00","200.99","191.65","200.26","198.50","199.78","197.99","250.69","116.25",1586315,"31,40,73,486.31",54333
22-Oct-2024,EQ,"203.85","205.59","198.70","203.56","200.86","200.26","200.90","250.69","116.25",1738763,"34,93,15,711.18",53320
21-Oct-2024,EQ,"209.55","215.90","201.60","209.29","203.20","203.56","206.81","250.69","116.25",1773168,"36,67,15,048.75",26287
18-Oct-2024,EQ,"208.00","211.13","202.75","209.83","209.10","209.29","207.43","250.69","116.25",1085826,"22,52,27,481.12",34682
17-Oct-2024,EQ,"212.95","213.90","208.60","212.86","209.20","209.83","211.17","250.69","116.25",736265,"15,54,77,955.87",14976
16-Oct-2024,EQ,"211.35","215.29","210.20","213.27","213.50","212.86","212.62","250.69","116.25",887138,"18,86,27,348.54",16100
15-Oct-2024,EQ,"212.11","216.48","211.25","211.37","213.06","213.27","214.01","250.69","116.25",1109706,"23,74,90,422.00",21942
14-Oct-2024,EQ,"212.00","213.65","210.60","211.74","210.70","211.37","212.01","250.69","116.25",570638,"12,09,79,964.93",11913
11-Oct-2024,EQ,"212.20","215.75","210.51","212.25","212.50","211.74","212.50","250.69","116.25",770709,"16,37,76,385.26",15522
10-Oct-2024,EQ,"213.85","215.41","211.01","213.60","212.00","212.25","213.11","250.69","116.25",809115,"17,24,33,579.75",16675
09-Oct-2024,EQ,"214.40","220.93","211.10","213.87","213.48","213.60","215.61","250.69","116.25",1595639,"34,40,32,338.46",29507
08-Oct-2024,EQ,"203.79","215.00","201.10","205.50","214.50","213.87","209.96","250.69","116.25",1320345,"27,72,16,831.49",30702
07-Oct-2024,EQ,"215.39","218.36","202.86","214.29","205.45","205.50","207.36","250.69","116.25",2271479,"47,10,20,283.07",58381
04-Oct-2024,EQ,"217.03","219.30","213.00","219.31","213.90","214.29","215.57","250.69","116.25",1160484,"25,01,68,603.81",29413
03-Oct-2024,EQ,"215.00","221.44","214.60","217.71","219.00","219.31","219.07","250.69","116.25",1845706,"40,43,46,139.84",36803
01-Oct-2024,EQ,"219.80","221.90","217.01","220.06","218.19","217.71","218.88","250.69","116.25",2748137,"60,15,18,150.77",20654
30-Sep-2024,EQ,"219.26","221.05","214.71","219.52","220.03","220.06","218.11","250.69","116.25",1375834,"30,00,82,299.49",26128
27-Sep-2024,EQ,"218.95","221.50","216.55","218.74","219.00","219.52","219.32","250.69","116.25",1315287,"28,84,68,217.08",20787
26-Sep-2024,EQ,"222.61","224.10","218.00","222.61","219.00","218.74","219.75","250.69","116.25",853193,"18,74,88,196.07",17734
25-Sep-2024,EQ,"222.90","225.00","221.56","224.33","222.59","222.61","223.01","250.69","116.25",694938,"15,49,79,391.19",13794
24-Sep-2024,EQ,"220.30","227.14","219.42","219.30","222.90","224.33","223.93","250.69","116.25",1765214,"39,52,85,493.41",24797
23-Sep-2024,EQ,"218.60","221.28","217.34","217.33","219.29","219.30","219.51","250.69","116.25",883033,"19,38,35,501.47",18952
20-Sep-2024,EQ,"221.29","221.30","213.99","219.99","217.47","217.33","217.09","250.69","116.25",1506733,"32,70,95,468.04",27734
19-Sep-2024,EQ,"221.78","223.99","212.77","220.37","220.75","219.99","216.93","250.69","116.25",2137152,"46,36,18,291.53",42115
18-Sep-2024,EQ,"226.20","226.97","217.79","226.12","221.75","220.37","221.92","250.69","116.25",1146364,"25,43,99,972.98",20242
17-Sep-2024,EQ,"226.00","229.32","225.20","226.05","226.75","226.12","227.02","250.69","116.25",912851,"20,72,36,463.44",22357
16-Sep-2024,EQ,"229.69","229.69","225.22","228.69","226.00","226.05","226.77","250.69","116.25",977843,"22,17,47,075.79",16456
13-Sep-2024,EQ,"227.80","230.85","225.75","226.17","228.41","228.69","228.52","250.69","116.25",1179863,"26,96,24,941.86",17771
12-Sep-2024,EQ,"231.90","232.20","220.00","229.89","226.99","226.17","227.94","250.69","116.25",1133761,"25,84,25,130.90",17020
11-Sep-2024,EQ,"228.80","235.60","227.05","227.55","231.14","229.89","231.12","250.69","116.25",3077580,"71,12,97,632.51",32442
10-Sep-2024,EQ,"225.90","229.29","223.98","224.44","227.69","227.55","226.84","250.69","116.25",1231577,"27,93,68,706.55",23784
09-Sep-2024,EQ,"225.02","226.00","219.02","226.73","224.74","224.44","222.72","250.69","116.25",1641157,"36,55,18,956.79",22261
06-Sep-2024,EQ,"232.65","232.90","225.86","232.45","226.79","226.73","228.05","250.69","116.25",1544661,"35,22,54,201.69",27201
05-Sep-2024,EQ,"232.65","234.79","231.20","231.34","232.80","232.45","232.71","250.69","116.25",1477641,"34,38,66,673.84",22853
04-Sep-2024,EQ,"226.81","236.90","226.80","228.68","231.50","231.34","233.22","250.69","116.25",4872524,"1,13,63,58,931.18",46827
03-Sep-2024,EQ,"228.00","231.50","228.00","227.87","228.60","228.68","229.40","250.69","116.25",1203423,"27,60,59,378.92",21482
02-Sep-2024,EQ,"226.75","231.99","225.60","225.51","228.20","227.87","229.41","250.69","116.25",3487777,"80,01,41,435.66",47504
30-Aug-2024,EQ,"227.50","231.39","224.22","226.92","225.86","225.51","227.66","250.69","116.25",2064122,"46,99,10,962.96",28399
29-Aug-2024,EQ,"228.85","229.45","223.21","228.91","226.50","226.92","226.01","250.69","116.25",1530409,"34,58,88,614.11",26100
28-Aug-2024,EQ,"231.75","234.78","228.00","231.75","229.20","228.91","231.56","250.69","116.25",1601937,"37,09,48,422.54",26768
27-Aug-2024,EQ,"232.50","232.99","229.03","232.27","231.75","231.75","230.77","250.69","116.25",1539917,"35,53,65,826.90",22127
26-Aug-2024,EQ,"233.70","238.90","231.55","232.55","232.28","232.27","234.78","250.69","116.25",3638233,"85,41,81,487.50",41931
23-Aug-2024,EQ,"231.84","234.00","229.47","231.43","232.00","232.55","231.80","250.69","116.05",2026097,"46,96,52,743.98",23668
22-Aug-2024,EQ,"235.00","236.80","230.00","232.87","231.45","231.43","232.73","250.69","116.05",2127662,"49,51,64,925.09",25304
21-Aug-2024,EQ,"231.20","234.40","231.00","230.52","232.99","232.87","232.68","250.69","116.05",2023516,"47,08,36,386.79",26083
20-Aug-2024,EQ,"234.78","238.13","229.00","233.22","229.99","230.52","232.84","250.69","116.05",3052684,"71,07,82,721.50",38639
19-Aug-2024,EQ,"230.40","235.30","230.01","229.50","233.10","233.22","232.96","250.69","116.05",3212752,"74,84,49,001.99",38042
16-Aug-2024,EQ,"229.00","235.60","227.01","226.33","228.62","229.50","231.78","250.69","115.55",5033486,"1,16,66,70,632.26",50505
14-Aug-2024,EQ,"238.60","239.00","225.00","237.93","226.95","226.33","229.75","250.69","115.55",6732307,"1,54,67,77,341.05",58168
13-Aug-2024,EQ,"231.00","250.69","230.99","230.03","240.73","237.93","244.45","250.69","115.55",27395036,"6,69,67,62,590.12",214969
12-Aug-2024,EQ,"229.70","235.60","227.05","230.33","230.30","230.03","230.87","243.34","115.55",3437651,"79,36,35,550.29",33082
09-Aug-2024,EQ,"233.11","236.00","228.73","228.90","230.25","230.33","231.54","243.34","115.55",3072041,"71,12,95,040.26",35091
08-Aug-2024,EQ,"230.00","237.79","225.70","221.42","229.00","228.90","231.63","243.34","115.55",14172607,"3,28,28,31,140.50",107015
07-Aug-2024,EQ,"217.69","226.29","217.01","212.70","222.00","221.42","222.09","243.34","115.55",3829741,"85,05,56,567.45",43371
06-Aug-2024,EQ,"219.00","224.40","212.40","216.72","213.45","212.70","218.08","243.34","115.55",2752884,"60,03,52,649.47",32033
05-Aug-2024,EQ,"220.01","222.77","211.20","227.24","216.16","216.72","216.67","243.34","115.55",4334089,"93,90,62,933.32",52827
02-Aug-2024,EQ,"227.99","231.25","225.10","231.88","227.50","227.24","228.68","243.34","115.55",2560198,"58,54,66,270.62",39550
01-Aug-2024,EQ,"230.93","240.90","229.27","230.01","232.00","231.88","235.81","243.34","115.55",7097204,"1,67,35,98,639.33",68733
31-Jul-2024,EQ,"233.30","234.59","228.52","232.21","230.27","230.01","232.11","243.34","115.55",3026809,"70,25,51,301.86",35653
30-Jul-2024,EQ,"234.50","243.34","230.14","232.73","233.62","232.21","237.47","243.34","115.55",7277912,"1,72,82,59,751.64",60078
29-Jul-2024,EQ,"222.10","238.80","220.40","220.27","233.55","232.73","233.16","242.50","115.55",10230681,"2,38,54,34,405.46",92344
26-Jul-2024,EQ,"216.85","221.50","215.21","216.28","219.75","220.27","219.84","242.50","115.55",2159498,"47,47,41,146.97",26408
25-Jul-2024,EQ,"216.00","217.78","214.30","219.39","215.70","216.28","215.88","242.50","115.55",1225802,"26,46,28,394.43",17995
24-Jul-2024,EQ,"211.61","220.98","210.30","211.76","218.65","219.39","217.24","242.50","115.55",2368161,"51,44,66,791.77",25184
23-Jul-2024,EQ,"212.80","214.70","199.10","211.60","211.00","211.76","209.45","242.50","115.55",3128902,"65,53,61,643.17",45805
22-Jul-2024,EQ,"208.00","214.66","206.00","210.40","210.99","211.60","212.12","242.50","115.55",2572780,"54,57,50,891.87",29694
19-Jul-2024,EQ,"218.60","220.63","208.40","218.85","210.47","210.40","212.96","242.50","115.55",5180095,"1,10,31,27,348.70",64773
18-Jul-2024,EQ,"223.55","223.55","216.55","224.55","219.20","218.85","219.28","242.50","115.55",4102835,"89,96,62,466.00",31878
16-Jul-2024,EQ,"227.00","229.90","223.00","226.54","224.50","224.55","226.11","242.50","115.55",3034655,"68,61,78,412.61",29562
15-Jul-2024,EQ,"233.55","233.65","225.55","231.90","226.74","226.54","227.92","242.50","115.55",3061681,"69,78,32,254.11",33393
12-Jul-2024,EQ,"237.79","242.50","230.00","236.63","232.00","231.90","238.13","242.50","115.55",9313516,"2,21,77,96,378.43",77192
11-Jul-2024,EQ,"220.80","241.00","220.79","219.37","236.70","236.63","235.87","241.00","115.55",20911287,"4,93,22,85,633.08",162070
10-Jul-2024,EQ,"228.10","228.70","215.05","227.81","219.95","219.37","220.14","238.00","115.55",4496578,"98,98,82,431.31",58275
09-Jul-2024,EQ,"223.11","235.00","223.11","222.38","228.25","227.81","230.82","238.00","115.55",8980784,"2,07,29,32,262.33",71893
08-Jul-2024,EQ,"224.00","228.45","221.40","224.17","223.00","222.38","224.41","238.00","115.55",3467659,"77,81,83,890.03",39523
05-Jul-2024,EQ,"229.00","229.00","223.22","228.51","223.80","224.17","225.73","238.00","115.55",4008827,"90,48,94,486.73",43142
04-Jul-2024,EQ,"233.15","238.00","227.50","230.50","228.49","228.51","232.28","238.00","115.55",17243682,"4,00,54,45,160.17",122843
03-Jul-2024,EQ,"214.30","232.95","213.58","212.92","230.99","230.50","226.92","232.95","115.55",36549938,"8,29,38,64,674.52",234650
02-Jul-2024,EQ,"213.80","217.99","210.65","212.71","213.15","212.92","213.94","225.35","115.55",3652203,"78,13,41,506.29",38184
01-Jul-2024,EQ,"210.30","214.21","209.51","209.21","212.70","212.71","212.27","225.35","115.55",3653414,"77,55,20,042.17",32916
28-Jun-2024,EQ,"209.70","214.55","205.80","208.42","209.50","209.21","209.87","225.35","113.60",5106195,"1,07,16,43,801.56",44473
27-Jun-2024,EQ,"208.85","211.68","204.37","208.87","210.00","208.42","206.56","225.35","113.60",4634827,"95,73,57,955.23",35834
26-Jun-2024,EQ,"213.35","214.71","207.50","213.02","208.50","208.87","211.23","225.35","113.60",2585620,"54,61,59,438.08",30531
25-Jun-2024,EQ,"215.50","220.00","212.00","213.78","212.91","213.02","215.87","225.35","113.60",6097237,"1,31,62,20,197.92",50647
24-Jun-2024,EQ,"203.96","219.00","203.20","204.99","214.60","213.78","214.51","225.35","113.60",15478608,"3,32,03,31,103.06",117786
21-Jun-2024,EQ,"200.46","209.80","200.20","200.04","204.50","204.99","205.94","225.35","111.85",6610486,"1,36,13,93,332.98",60436
20-Jun-2024,EQ,"200.10","201.89","196.80","199.79","200.19","200.04","199.49","225.35","111.85",2644551,"52,75,61,104.11",32337
19-Jun-2024,EQ,"203.60","204.04","197.00","202.21","200.09","199.79","199.72","225.35","111.85",2075034,"41,44,16,116.57",20561
18-Jun-2024,EQ,"202.75","206.90","201.21","201.09","202.45","202.21","203.45","225.35","111.85",4567134,"92,92,06,058.36",38591
14-Jun-2024,EQ,"201.60","204.79","198.00","200.72","201.35","201.09","202.26","225.35","111.50",2645393,"53,50,58,597.01",25697
13-Jun-2024,EQ,"200.30","203.70","199.50","198.98","201.00","200.72","201.52","225.35","111.50",1677177,"33,79,92,196.51",20947
12-Jun-2024,EQ,"197.60","203.90","196.84","197.04","199.10","198.98","200.63","225.35","111.50",3050642,"61,20,48,864.89",34454
11-Jun-2024,EQ,"194.65","199.60","194.02","193.61","197.49","197.04","197.64","225.35","111.50",3120368,"61,66,94,156.38",37566
10-Jun-2024,EQ,"192.40","200.50","192.20","191.05","193.80","193.61","197.07","225.35","111.50",6169054,"1,21,57,48,059.73",55371
07-Jun-2024,EQ,"190.80","193.00","189.55","189.05","191.00","191.05","191.15","225.35","110.05",2645304,"50,56,38,044.95",27869
06-Jun-2024,EQ,"185.95","193.55","185.60","183.55","189.70","189.05","190.56","225.35","110.05",4036312,"76,91,72,521.55",45287
05-Jun-2024,EQ,"189.50","190.60","175.70","189.20","183.50","183.55","181.62","225.35","110.05",6016638,"1,09,27,69,874.25",66301
04-Jun-2024,EQ,"201.00","201.00","162.75","203.40","189.00","189.20","183.81","225.35","110.05",7653770,"1,40,68,54,205.50",85023
03-Jun-2024,EQ,"201.00","206.50","196.40","194.20","203.75","203.40","202.87","225.35","110.05",4510325,"91,50,25,524.35",43632
31-May-2024,EQ,"194.80","195.80","191.10","193.80","194.40","194.20","194.01","225.35","105.80",2132660,"41,37,55,835.30",28905
30-May-2024,EQ,"195.85","197.40","193.00","196.45","194.00","193.80","195.10","225.35","105.80",1645819,"32,10,99,744.70",25509
29-May-2024,EQ,"193.00","198.85","191.45","194.40","196.95","196.45","195.66","225.35","105.80",2044334,"39,99,96,626.40",31241
28-May-2024,EQ,"200.00","200.00","192.05","197.30","195.00","194.40","195.15","225.35","105.80",2818075,"54,99,52,117.75",30974
27-May-2024,EQ,"204.00","208.65","196.80","204.70","197.50","197.30","200.83","225.35","105.80",2873533,"57,70,86,757.30",33761
24-May-2024,EQ,"206.80","207.30","203.45","206.80","205.00","204.70","204.89","225.35","105.80",2926152,"59,95,45,516.80",31085
23-May-2024,EQ,"200.00","208.00","199.70","207.80","206.85","206.80","205.09","225.35","105.80",5483864,"1,12,46,87,895.25",67011
22-May-2024,EQ,"212.45","213.65","206.00","210.75","208.00","207.80","208.57","225.35","105.80",2020681,"42,14,46,946.25",27420
21-May-2024,EQ,"210.00","214.20","207.05","210.50","211.30","210.75","211.43","225.35","105.80",2531939,"53,53,26,258.25",31343
18-May-2024,EQ,"211.60","212.85","209.10","211.00","210.80","210.50","211.49","225.35","105.15",435530,"9,21,09,093.55",4948
17-May-2024,EQ,"205.90","212.40","205.70","205.30","210.60","211.00","210.13","225.35","105.15",3301835,"69,38,12,360.70",32281
16-May-2024,EQ,"205.25","208.00","203.70","204.10","205.15","205.30","205.86","225.35","105.15",1326990,"27,31,73,911.45",16104
15-May-2024,EQ,"206.35","207.75","203.55","206.15","204.35","204.10","205.61","225.35","105.15",1263412,"25,97,64,561.85",18593
14-May-2024,EQ,"199.00","207.00","199.00","198.80","205.45","206.15","203.87","225.35","105.15",1953777,"39,83,12,050.45",23628
13-May-2024,EQ,"198.50","200.65","192.50","198.60","198.70","198.80","196.47","225.35","105.15",1717954,"33,75,27,340.20",28679
10-May-2024,EQ,"199.90","200.65","193.05","198.80","198.00","198.60","198.14","225.35","105.15",1916569,"37,97,41,065.60",30082
09-May-2024,EQ,"205.00","207.45","196.30","204.20","199.30","198.80","201.90","225.35","105.15",2464084,"49,75,03,156.40",34244
08-May-2024,EQ,"202.00","208.40","198.30","201.60","205.00","204.20","203.75","225.35","105.15",2722822,"55,47,81,416.65",32942
07-May-2024,EQ,"205.00","206.80","197.05","204.25","201.95","201.60","201.89","225.35","105.15",3321311,"67,05,45,826.05",42927
06-May-2024,EQ,"214.50","214.65","202.85","212.55","205.70","204.25","207.37","225.35","105.15",3650325,"75,69,71,924.20",34773
03-May-2024,EQ,"213.00","222.00","210.00","212.05","213.20","212.55","215.50","225.35","105.15",8001121,"1,72,42,08,058.85",58593
02-May-2024,EQ,"212.00","214.90","208.55","211.05","212.90","212.05","212.11","225.35","105.15",1982857,"42,05,89,912.70",23101
30-Apr-2024,EQ,"219.00","220.80","210.00","217.55","211.35","211.05","214.30","225.35","105.15",2787063,"59,72,68,830.20",34391
29-Apr-2024,EQ,"215.95","223.80","215.45","214.30","218.40","217.55","218.89","225.35","105.15",4216656,"92,29,84,903.35",36538
26-Apr-2024,EQ,"216.50","220.30","213.50","215.65","214.40","214.30","217.11","225.35","105.15",4108000,"89,18,90,240.15",32157
25-Apr-2024,EQ,"209.00","219.35","207.35","208.40","215.55","215.65","215.62","225.35","105.15",8056840,"1,73,72,44,558.35",66021
24-Apr-2024,EQ,"208.85","211.40","207.10","207.10","208.20","208.40","209.08","225.35","105.15",2240435,"46,84,29,669.85",27562
23-Apr-2024,EQ,"205.00","214.80","203.05","203.25","207.40","207.10","209.63","225.35","105.15",5917670,"1,24,05,45,404.95",47234
22-Apr-2024,EQ,"207.00","208.10","202.60","204.80","203.50","203.25","204.64","225.35","105.15",2334535,"47,77,34,344.65",24570
19-Apr-2024,EQ,"199.60","206.35","198.05","204.10","204.00","204.80","203.25","225.35","105.15",2918548,"59,32,03,424.35",32580
18-Apr-2024,EQ,"207.30","211.50","203.05","204.95","205.20","204.10","207.82","225.35","105.15",3100345,"64,43,14,843.20",27686
16-Apr-2024,EQ,"201.75","207.75","201.05","203.65","205.10","204.95","205.88","225.35","105.15",2810580,"57,86,28,644.75",29469
15-Apr-2024,EQ,"205.50","211.55","201.75","215.75","203.50","203.65","206.54","225.35","105.15",5432526,"1,12,20,11,178.90",48476
12-Apr-2024,EQ,"215.00","223.00","213.90","215.60","216.05","215.75","218.27","225.35","105.15",6562409,"1,43,24,00,065.45",47521
10-Apr-2024,EQ,"218.00","219.40","214.15","215.95","215.20","215.60","216.58","225.35","105.15",2502621,"54,20,14,875.40",23658
09-Apr-2024,EQ,"215.25","220.60","214.05","214.25","216.60","215.95","216.90","225.35","105.15",3930429,"85,25,24,087.75",31416
08-Apr-2024,EQ,"219.50","224.50","213.05","217.80","215.00","214.25","218.17","225.35","105.15",6394637,"1,39,51,11,909.65",50584
05-Apr-2024,EQ,"219.25","223.90","217.00","219.50","217.60","217.80","219.35","225.35","105.15",4241301,"93,03,11,111.60",41712
04-Apr-2024,EQ,"223.15","223.50","217.25","221.05","219.40","219.50","219.50","225.35","105.15",4784705,"1,05,02,36,394.35",40656
03-Apr-2024,EQ,"220.90","225.20","218.50","221.40","221.30","221.05","221.66","225.35","105.15",7174913,"1,59,03,59,947.00",49248
02-Apr-2024,EQ,"223.95","225.25","219.20","223.95","221.50","221.40","221.72","225.35","105.15",5459198,"1,21,03,88,673.25",40638
01-Apr-2024,EQ,"214.95","225.35","214.30","212.55","224.00","223.95","221.48","225.35","105.15",8034855,"1,77,95,86,014.50",56324
28-Mar-2024,EQ,"217.50","221.50","207.00","217.45","212.60","212.55","217.08","224.35","105.15",7303255,"1,58,53,90,077.20",50961
27-Mar-2024,EQ,"217.55","224.35","215.35","216.30","216.85","217.45","220.03","224.35","105.15",19613495,"4,31,56,40,910.70",122410
26-Mar-2024,EQ,"197.80","218.65","195.40","197.90","215.10","216.30","212.93","218.80","105.15",27927981,"5,94,67,20,784.10",155800
22-Mar-2024,EQ,"198.55","201.50","195.65","198.55","198.25","197.90","198.90","218.80","105.15",3791688,"75,41,58,854.70",34790
21-Mar-2024,EQ,"196.00","204.30","195.10","192.85","198.40","198.55","199.94","218.80","105.15",7469185,"1,49,34,10,787.70",65582
20-Mar-2024,EQ,"192.90","200.90","186.65","191.55","193.10","192.85","193.69","218.80","105.15",7009831,"1,35,77,68,668.30",63232
19-Mar-2024,EQ,"195.70","199.40","190.00","195.50","191.60","191.55","193.84","218.80","105.15",4073334,"78,95,84,683.45",44901
18-Mar-2024,EQ,"204.95","206.40","194.25","205.85","195.75","195.50","199.62","218.80","105.15",7535973,"1,50,43,42,633.60",82082
15-Mar-2024,EQ,"183.80","209.95","178.45","184.40","207.00","205.85","196.55","218.80","105.15",12708758,"2,49,79,38,285.95",97536
14-Mar-2024,EQ,"173.10","186.50","168.80","174.40","184.95","184.40","180.23","218.80","105.15",7577198,"1,36,56,53,466.90",75165
13-Mar-2024,EQ,"192.00","193.20","171.00","191.30","173.50","174.40","182.73","218.80","105.15",6641901,"1,21,36,65,481.70",63374
12-Mar-2024,EQ,"196.30","196.80","187.95","196.30","190.40","191.30","191.54","218.80","105.15",5810827,"1,11,30,11,068.00",67415
11-Mar-2024,EQ,"208.00","208.00","194.55","206.90","195.00","196.30","199.68","218.80","105.15",3174755,"63,39,31,976.40",49831
07-Mar-2024,EQ,"202.95","207.75","201.60","201.35","206.50","206.90","205.10","218.80","105.15",3314534,"67,98,10,664.60",26781
06-Mar-2024,EQ,"208.30","209.10","198.50","208.30","201.00","201.35","201.95","218.80","105.15",5185356,"1,04,71,83,971.60",46149
05-Mar-2024,EQ,"208.80","211.80","206.80","207.35","208.30","208.30","209.02","218.80","105.15",3880922,"81,11,89,407.05",32384
04-Mar-2024,EQ,"216.60","217.45","206.05","215.65","209.10","207.35","209.73","218.80","105.15",3981365,"83,50,18,927.55",45429
02-Mar-2024,EQ,"215.00","217.30","214.00","214.10","215.40","215.65","215.76","218.80","101.20",790823,"17,06,29,486.20",6949
01-Mar-2024,EQ,"215.00","218.80","211.70","209.20","213.40","214.10","215.02","218.80","101.20",7700519,"1,65,57,65,402.90",79520
29-Feb-2024,EQ,"201.85","213.90","198.10","202.50","213.40","209.20","205.21","217.95","101.20",7210814,"1,47,97,10,006.25",52213
28-Feb-2024,EQ,"211.70","214.35","200.00","209.80","202.15","202.50","206.40","217.95","101.20",7411362,"1,52,97,04,156.15",58261
27-Feb-2024,EQ,"204.00","212.50","200.90","203.60","210.50","209.80","206.00","217.95","101.20",7258329,"1,49,52,07,391.15",51622
26-Feb-2024,EQ,"214.40","215.95","202.50","213.55","204.00","203.60","207.53","217.95","101.20",6883815,"1,42,86,32,503.65",57052
23-Feb-2024,EQ,"212.00","217.95","209.35","208.20","213.40","213.55","213.47","217.95","97.60",14151559,"3,02,08,68,675.65",85114
22-Feb-2024,EQ,"199.65","211.35","194.25","198.40","208.50","208.20","206.26","215.50","97.60",17421886,"3,59,34,87,133.00",102936
21-Feb-2024,EQ,"204.95","207.80","197.55","205.70","198.00","198.40","201.75","215.50","97.60",7531950,"1,51,95,81,978.40",49057
20-Feb-2024,EQ,"209.90","209.90","202.35","208.55","205.45","205.70","205.53","215.50","97.60",9223521,"1,89,56,79,353.10",65055
19-Feb-2024,EQ,"201.00","215.50","201.00","198.35","209.00","208.55","209.32","215.50","97.60",21294333,"4,45,74,08,315.60",139760
16-Feb-2024,EQ,"193.75","204.80","187.50","191.15","198.25","198.35","198.82","204.80","95.00",26873955,"5,34,30,03,863.80",184389
15-Feb-2024,EQ,"174.00","196.90","173.45","173.95","190.70","191.15","189.08","196.90","95.00",26323153,"4,97,71,31,827.65",190699
14-Feb-2024,EQ,"171.30","177.80","171.00","174.35","174.00","173.95","174.70","193.80","95.00",3391200,"59,24,42,120.75",29903
13-Feb-2024,EQ,"183.00","184.70","172.55","170.75","175.00","174.35","177.51","193.80","95.00",11492226,"2,03,99,48,191.15",93359
12-Feb-2024,EQ,"179.90","179.90","166.75","178.85","170.45","170.75","170.82","193.80","95.00",3628681,"61,98,34,119.50",46707
09-Feb-2024,EQ,"180.80","181.55","169.50","180.60","178.05","178.85","175.70","193.80","88.85",3931073,"69,06,71,450.80",40764
08-Feb-2024,EQ,"179.45","185.70","178.25","178.70","180.50","180.60","182.03","193.80","88.85",4632310,"84,32,34,339.95",52285
07-Feb-2024,EQ,"183.65","183.80","176.40","182.25","179.60","178.70","179.08","193.80","88.85",2571353,"46,04,71,050.50",40039
06-Feb-2024,EQ,"186.45","188.90","180.50","184.90","182.15","182.25","183.79","193.80","88.85",3382644,"62,17,12,821.00",28835
05-Feb-2024,EQ,"183.80","193.80","183.10","182.35","185.40","184.90","187.81","193.80","88.85",7268200,"1,36,50,27,859.55",65396
02-Feb-2024,EQ,"183.60","190.00","180.55","180.65","182.60","182.35","185.43","190.00","88.20",9540327,"1,76,90,22,666.70",65455
01-Feb-2024,EQ,"178.70","185.45","177.00","176.20","180.95","180.65","182.01","185.45","88.20",16614006,"3,02,38,96,101.05",117736
31-Jan-2024,EQ,"171.40","177.00","170.30","169.90","176.65","176.20","174.42","177.00","88.20",8435095,"1,47,12,12,399.55",54648
30-Jan-2024,EQ,"170.85","175.00","168.20","168.35","169.65","169.90","172.67","175.00","88.20",12820218,"2,21,36,56,178.75",74674
29-Jan-2024,EQ,"165.00","170.50","163.15","163.60","169.10","168.35","167.94","170.50","88.20",8326637,"1,39,83,63,031.00",60536
25-Jan-2024,EQ,"160.00","165.00","158.70","159.00","163.25","163.60","162.84","170.20","88.20",4550196,"74,09,50,922.15",39325
24-Jan-2024,EQ,"159.30","162.10","154.60","159.30","158.60","159.00","158.52","170.20","88.20",3005522,"47,64,41,044.50",36922
23-Jan-2024,EQ,"164.00","169.90","156.95","163.20","159.20","159.30","164.51","170.20","88.20",6100159,"1,00,35,53,593.20",53215
20-Jan-2024,EQ,"160.90","167.70","160.80","159.85","162.50","163.20","164.87","170.20","88.20",2794070,"46,06,55,707.55",24166
19-Jan-2024,EQ,"161.00","163.30","159.05","160.35","159.60","159.85","160.62","170.20","88.20",2238562,"35,95,53,994.35",21413
18-Jan-2024,EQ,"159.90","161.25","153.00","161.25","159.70","160.35","158.30","170.20","88.20",2899688,"45,90,17,668.60",31255
17-Jan-2024,EQ,"161.95","165.60","160.00","164.85","161.10","161.25","163.06","170.20","88.20",2618189,"42,69,16,986.65",25756
16-Jan-2024,EQ,"167.30","168.35","160.80","166.50","164.80","164.85","164.78","170.20","88.20",2999249,"49,42,06,857.75",30387
15-Jan-2024,EQ,"167.30","170.20","164.50","165.35","166.00","166.50","166.97","170.20","88.20",5318053,"88,79,54,629.70",47947
12-Jan-2024,EQ,"166.75","168.60","163.85","165.10","165.00","165.35","166.14","168.95","88.20",5904920,"98,10,34,242.85",45050
11-Jan-2024,EQ,"158.00","168.95","157.70","156.75","165.65","165.10","165.15","168.95","88.20",19660916,"3,24,69,40,679.95",115581
10-Jan-2024,EQ,"155.90","158.90","153.20","155.95","156.75","156.75","155.61","161.50","88.20",2299271,"35,77,88,668.05",34699
09-Jan-2024,EQ,"157.70","159.15","155.65","156.20","155.90","155.95","157.47","161.50","88.20",1441170,"22,69,45,212.85",18447
08-Jan-2024,EQ,"157.45","160.00","155.10","157.15","156.35","156.20","157.16","161.50","88.20",2115753,"33,25,16,895.10",22185
05-Jan-2024,EQ,"159.90","160.60","154.00","159.15","157.15","157.15","158.18","161.50","88.20",2994748,"47,37,19,913.95",28555
04-Jan-2024,EQ,"158.00","160.15","157.30","156.70","159.10","159.15","159.16","161.50","88.20",2746947,"43,72,01,972.35",25922
03-Jan-2024,EQ,"158.05","159.00","156.50","158.75","156.80","156.70","157.31","161.50","88.20",1626505,"25,58,69,549.35",20584
02-Jan-2024,EQ,"159.80","160.25","154.70","158.60","158.05","158.75","158.36","161.50","88.20",4375827,"69,29,48,404.60",42158
01-Jan-2024,EQ,"153.65","161.50","152.05","153.05","157.90","158.60","158.31","161.50","88.20",6785151,"1,07,41,31,399.30",47376
29-Dec-2023,EQ,"150.85","157.50","150.15","150.40","152.70","153.05","154.73","157.90","87.50",6032817,"93,34,33,213.20",47224
28-Dec-2023,EQ,"146.40","152.50","144.95","145.70","150.40","150.40","149.85","157.90","87.50",3347039,"50,15,66,500.80",28443
27-Dec-2023,EQ,"148.95","149.75","144.85","148.70","146.15","145.70","146.57","157.90","87.50",1412604,"20,70,40,438.00",13597
26-Dec-2023,EQ,"147.55","149.75","146.80","146.70","148.05","148.70","148.39","157.90","87.50",840400,"12,47,07,693.70",9634
22-Dec-2023,EQ,"145.50","147.95","144.50","146.60","145.95","146.70","146.44","157.90","85.25",989504,"14,49,00,341.80",12392
21-Dec-2023,EQ,"140.10","147.95","138.00","140.85","146.00","146.60","144.39","157.90","85.25",2161800,"31,21,39,681.15",27356
20-Dec-2023,EQ,"151.50","151.50","140.00","149.75","140.20","140.85","145.33","157.90","85.25",2230389,"32,41,33,553.20",24936
19-Dec-2023,EQ,"149.75","152.25","148.70","149.60","149.50","149.75","150.29","157.90","85.25",1232762,"18,52,74,011.80",13578
18-Dec-2023,EQ,"152.00","152.45","149.00","151.60","149.50","149.60","150.28","157.90","85.25",1663786,"25,00,38,809.35",16829
15-Dec-2023,EQ,"155.10","155.55","150.80","154.30","151.40","151.60","152.84","157.90","85.25",1541189,"23,55,61,806.05",18111
14-Dec-2023,EQ,"153.00","157.50","150.50","151.55","153.80","154.30","154.76","157.90","85.25",3999682,"61,89,93,822.55",37911
13-Dec-2023,EQ,"151.60","152.95","148.95","150.85","151.70","151.55","150.77","157.90","85.25",1399691,"21,10,35,489.10",16563
12-Dec-2023,EQ,"149.95","154.45","149.55","148.95","151.15","150.85","151.82","157.90","85.25",2066771,"31,37,68,113.95",20874
11-Dec-2023,EQ,"150.95","151.50","148.10","150.35","149.45","148.95","149.32","157.90","85.25",1619617,"24,18,48,275.75",16983