Date,series ,OPEN ,HIGH ,LOW ,PREV. CLOSE ,ltp ,Close,vwap ,52W H ,52W L ,VOLUME ,VALUE ,No of trades ,DMA25,DMA50,DMA75,DMA100,DMA150,DMA200,BuyLevel,SellLevel,BuySignal,SellSignal,BuyPrice,SellPrice
2024-04-01,EQ,133.6,138.85,133.0,132.25,134.85,134.3,135.9,139.7,95.9,"85,47,391","1,16,15,57,888.80","49,121",,,,,,,,,0,0,,
2024-04-02,EQ,135.3,137.1,133.7,134.3,135.65,135.3,135.41,139.7,95.9,"48,99,739","66,34,60,730.40","29,811",,,,,,,,,0,0,,
2024-04-03,EQ,135.2,141.4,133.8,135.3,138.55,138.6,138.7,141.4,95.9,"1,40,20,038","1,94,45,96,695.00","56,098",,,,,,,,,0,0,,
2024-04-04,EQ,139.8,140.35,133.35,138.6,134.4,134.0,135.99,141.4,95.9,"66,78,142","90,81,80,498.90","35,425",,,,,,,,,0,0,,
2024-04-05,EQ,135.0,137.9,132.15,134.0,137.15,137.2,135.72,141.4,95.9,"58,99,316","80,06,74,283.50","32,427",,,,,,,,,0,0,,
2024-04-08,EQ,138.0,138.1,133.75,137.2,134.35,134.25,135.4,141.4,95.9,"37,00,722","50,10,93,315.35","20,778",,,,,,,,,0,0,,
2024-04-09,EQ,134.95,137.9,133.5,134.25,134.05,134.0,135.53,141.4,95.9,"38,93,364","52,76,69,018.25","29,564",,,,,,,,,0,0,,
2024-04-10,EQ,134.9,137.25,133.9,134.0,134.15,134.3,135.07,141.4,95.9,"40,75,296","55,04,48,428.05","25,486",,,,,,,,,0,0,,
2024-04-12,EQ,134.05,142.35,134.0,134.3,135.45,135.6,138.65,142.35,95.9,"1,36,56,675","1,89,34,53,595.45","64,499",,,,,,,,,0,0,,
2024-04-15,EQ,131.0,133.7,127.2,135.6,131.6,131.7,131.01,142.35,95.9,"65,97,444","86,43,45,284.85","38,325",,,,,,,,,0,0,,
2024-04-16,EQ,130.4,133.3,129.0,131.7,131.0,131.15,131.87,142.35,95.9,"34,63,689","45,67,64,758.60","19,878",,,,,,,,,0,0,,
2024-04-18,EQ,132.2,135.15,130.0,131.15,131.5,130.7,133.13,142.35,95.9,"40,28,410","53,63,05,362.10","20,717",,,,,,,,,0,0,,
2024-04-19,EQ,128.0,130.6,127.0,130.7,129.4,129.75,129.26,142.35,95.9,"35,77,564","46,24,27,156.90","25,734",,,,,,,,,0,0,,
2024-04-22,EQ,131.1,134.1,128.55,129.75,129.8,129.5,130.93,142.35,95.9,"38,57,218","50,50,35,807.60","20,536",,,,,,,,,0,0,,
2024-04-23,EQ,130.9,132.4,129.35,129.5,129.85,130.0,130.58,142.35,95.9,"37,46,515","48,92,08,266.05","25,602",,,,,,,,,0,0,,
2024-04-24,EQ,131.1,136.9,130.45,130.0,134.9,134.7,134.92,142.35,95.9,"83,58,750","1,12,77,96,575.70","41,373",,,,,,,,,0,0,,
2024-04-25,EQ,134.9,136.2,132.25,134.7,134.4,134.5,134.79,142.35,95.9,"31,65,804","42,67,22,131.70","16,593",,,,,,,,,0,0,,
2024-04-26,EQ,135.15,135.3,130.8,134.5,132.7,132.15,133.26,142.35,95.9,"29,59,220","39,43,57,386.70","17,547",,,,,,,,,0,0,,
2024-04-29,EQ,133.0,142.75,132.7,132.15,141.8,141.75,140.21,142.75,95.9,"1,76,49,227","2,47,46,13,226.55","77,957",,,,,,,,,0,0,,
2024-04-30,EQ,142.3,144.0,138.6,141.75,139.95,139.4,141.04,144.0,95.9,"78,46,047","1,10,66,45,658.50","41,381",,,,,,,,,0,0,,
2024-05-02,EQ,140.3,140.75,137.7,139.4,139.2,139.25,139.07,144.0,95.9,"34,71,880","48,28,50,195.35","21,548",,,,,,,,,0,0,,
2024-05-03,EQ,139.75,140.75,135.75,139.25,138.8,138.75,138.25,144.0,95.9,"44,31,148","61,26,27,494.20","21,974",,,,,,,,,0,0,,
2024-05-06,EQ,138.75,138.85,132.25,138.75,134.25,134.2,134.55,144.0,95.9,"37,38,915","50,30,52,513.75","28,885",,,,,,,,,0,0,,
2024-05-07,EQ,135.0,135.8,131.45,134.2,132.5,132.1,133.37,144.0,95.9,"32,25,776","43,02,35,741.85","22,974",,,,,,,,,0,0,,
2024-05-08,EQ,131.6,135.65,130.25,132.1,134.6,134.85,134.12,144.0,95.9,"23,68,863","31,77,06,911.10","16,597",134.48,,,,,,,,0,0,,
2024-05-09,EQ,134.6,134.6,125.2,134.85,127.5,127.0,129.84,144.0,95.9,"36,32,750","47,16,77,520.45","26,121",134.188,,,,,,,,0,0,,
2024-05-10,EQ,128.0,129.5,124.05,127.0,128.2,127.85,127.48,144.0,95.9,"34,29,303","43,71,80,910.00","25,485",133.89,,,,,,,,0,0,,
2024-05-13,EQ,128.0,131.3,125.0,127.85,131.1,130.6,128.39,144.0,95.9,"25,67,389","32,96,18,828.05","27,035",133.57,,,,,,,,0,0,,
2024-05-14,EQ,131.3,134.9,130.9,130.6,134.45,134.3,133.8,144.0,95.9,"21,95,781","29,37,93,032.80","23,803",133.582,,,,,,,,0,0,,
2024-05-15,EQ,135.0,135.0,132.3,134.3,132.9,132.65,133.39,144.0,95.9,"10,62,990","14,17,94,208.75","11,268",133.4,,,,,,,,0,0,,
2024-05-16,EQ,133.65,135.9,132.7,132.65,134.0,134.15,134.53,144.0,95.9,"20,85,880","28,06,17,210.45","17,277",133.39600000000002,,,,,,,,0,0,,
2024-05-17,EQ,134.2,135.85,133.65,134.15,135.0,134.95,134.84,144.0,95.9,"11,85,337","15,98,26,270.55","11,193",133.434,,,,,,,,0,0,,
2024-05-18,EQ,135.35,135.5,134.35,134.95,134.75,135.0,134.91,144.0,95.9,"2,64,234","3,56,47,587.65","2,552",133.46200000000002,,,,,,,,0,0,,
2024-05-21,EQ,134.95,136.85,132.65,135.0,134.15,133.95,134.74,144.0,95.9,"16,15,743","21,77,11,305.45","15,593",133.396,,,,,,,,0,0,,
2024-05-22,EQ,134.5,135.4,131.05,133.95,132.15,131.75,132.55,144.0,95.9,"18,16,712","24,08,06,096.10","15,240",133.398,,,,,,,,0,0,,
2024-05-23,EQ,132.2,133.3,130.05,131.75,131.2,130.65,131.12,144.0,95.9,"18,46,777","24,21,58,240.55","13,608",133.378,,,,,,,,0,0,,
2024-05-24,EQ,131.15,134.5,129.2,130.65,130.65,130.25,132.12,144.0,95.9,"41,33,306","54,61,05,625.40","27,564",133.36,,,,,,,,0,0,,
2024-05-27,EQ,131.0,131.7,127.0,130.25,128.4,128.05,128.47,144.0,95.9,"25,83,345","33,18,77,267.60","19,669",133.292,,,,,,,,0,0,,
2024-05-28,EQ,128.75,129.0,123.6,128.05,125.0,124.9,125.71,144.0,95.9,"20,64,732","25,95,67,167.10","16,945",133.108,,,,,,,,0,0,,
2024-05-29,EQ,124.35,126.5,123.6,124.9,125.05,125.15,125.47,144.0,95.9,"12,59,867","15,80,78,228.90","10,415",132.914,,,,,,,,0,0,,
2024-05-30,EQ,125.45,125.55,120.25,125.15,121.45,120.85,121.92,144.0,95.9,"24,10,984","29,39,52,103.50","22,120",132.36,,,,,,,,0,0,,
2024-05-31,EQ,122.05,122.65,119.95,120.85,120.85,120.65,121.24,144.0,95.9,"18,87,235","22,88,00,823.45","14,504",131.80599999999998,,,,,,,,0,0,,
2024-06-03,EQ,125.0,125.0,122.0,120.65,123.0,122.8,122.96,144.0,95.9,"18,99,419","23,35,47,471.75","15,695",131.43200000000002,,,,,,,,0,0,,
2024-06-04,EQ,123.0,123.0,105.8,122.8,113.95,112.85,114.22,144.0,95.9,"41,36,076","47,24,05,780.90","45,382",130.276,,,,,,,,0,0,,
2024-06-05,EQ,115.0,119.75,109.7,112.85,119.75,118.25,115.19,144.0,95.9,"25,21,981","29,04,99,829.35","24,948",129.43,,,,,,,,0,0,,
2024-06-06,EQ,119.6,122.8,119.6,118.25,122.0,121.7,121.64,144.0,95.9,"14,94,687","18,18,07,519.55","14,819",128.728,,,,,,,,0,0,,
2024-06-07,EQ,122.65,124.0,121.15,121.7,123.1,123.35,123.01,144.0,95.9,"14,31,060","17,60,27,943.00","13,358",128.112,,,,,,,,0,0,,
2024-06-10,EQ,124.2,130.0,123.0,123.35,128.3,127.96,127.41,144.0,95.9,"47,02,401","59,91,53,404.54","29,504",127.8624,,,,,,,,0,0,,
2024-06-11,EQ,128.6,128.6,125.55,127.96,126.78,126.06,127.0,144.0,95.9,"17,77,175","22,57,06,668.90","16,151",127.6208,,,,,,,,0,0,,
2024-06-12,EQ,126.15,128.6,125.6,126.06,128.4,128.17,127.59,144.0,95.9,"13,85,377","17,67,55,697.44","13,293",127.3536,130.9168,,,,,,,0,0,,
2024-06-13,EQ,129.0,130.4,126.5,128.17,128.54,128.18,128.6,144.0,95.9,"16,28,325","20,94,06,865.71","15,580",127.4008,130.7944,,,,,,,0,0,,
2024-06-14,EQ,128.74,129.69,127.14,128.18,128.5,128.44,128.41,144.0,95.9,"13,11,566","16,84,13,492.29","21,573",127.4244,130.6572,,,,,,,0,0,,
2024-06-18,EQ,129.25,132.4,128.45,128.44,128.9,128.65,130.27,144.0,95.9,"33,83,866","44,08,05,768.52","26,666",127.34640000000002,130.4582,,,,,,,0,0,,
2024-06-19,EQ,129.1,130.24,126.0,128.65,127.1,127.06,127.44,144.0,95.9,"18,44,693","23,50,81,921.10","18,058",127.05680000000001,130.3194,,,,,,,0,0,,
2024-06-20,EQ,127.11,129.0,126.05,127.06,127.8,127.8,127.71,144.0,95.9,"12,24,928","15,64,34,755.06","13,546",126.8628,130.1314,,,,,,,0,0,,
2024-06-21,EQ,128.0,130.3,126.85,127.8,129.05,129.14,128.51,144.0,95.9,"26,05,572","33,48,31,001.56","23,999",126.66239999999999,130.0292,,,,,,,0,0,,
2024-06-24,EQ,129.0,129.0,126.01,129.14,127.05,126.89,127.41,144.0,98.85,"14,71,967","18,75,39,429.44","18,554",126.34,129.887,,,,,,,0,0,,
2024-06-25,EQ,127.45,132.0,127.45,126.89,128.5,128.33,130.06,144.0,98.85,"31,92,220","41,51,79,323.79","32,091",126.0732,129.76760000000002,,,,,,,0,0,,
2024-06-26,EQ,128.9,128.9,126.45,128.33,127.0,127.05,127.01,144.0,98.85,"15,12,532","19,21,10,172.45","13,514",125.79720000000002,129.5966,,,,,,,0,0,,
2024-06-27,EQ,127.05,127.85,122.88,127.05,124.25,123.6,124.81,144.0,98.85,"26,05,978","32,52,60,919.07","28,410",125.47120000000001,129.4346,,,,,,,0,0,,
2024-06-28,EQ,124.24,126.27,123.12,123.6,123.62,123.41,124.4,144.0,98.85,"16,41,100","20,41,56,980.01","22,414",125.1816,129.27980000000002,,,,,,,0,0,,
2024-07-01,EQ,123.4,125.99,122.01,123.41,125.66,125.59,124.28,144.0,102.05,"20,63,152","25,64,11,994.46","20,310",124.99520000000001,129.17759999999998,,,,,,,0,0,,
2024-07-02,EQ,126.0,126.49,124.02,125.59,124.69,124.25,125.24,144.0,102.05,"11,46,490","14,35,86,131.31","13,652",124.8432,129.06759999999997,,,,,,,0,0,,
2024-07-03,EQ,125.0,125.4,124.1,124.25,125.15,124.91,124.86,144.0,102.05,"10,62,418","13,26,54,864.81","10,311",124.84359999999998,128.9758,,,,,,,0,0,,
2024-07-04,EQ,125.89,128.5,124.11,124.91,127.52,127.69,126.57,144.0,102.05,"27,34,040","34,60,43,273.92","20,143",124.9452,128.9296,,,,,,,0,0,,
2024-07-05,EQ,127.95,128.5,126.5,127.69,128.3,127.9,127.63,144.0,102.05,"17,58,245","22,44,01,009.02","17,246",125.2272,128.7936,,,,,,,0,0,,
2024-07-08,EQ,128.5,128.9,125.23,127.9,125.89,125.93,126.19,144.0,102.35,"16,09,674","20,31,20,160.88","17,260",125.4384,128.6222,,,,,,,0,0,,
2024-07-09,EQ,126.1,128.5,124.9,125.93,126.0,125.84,126.23,144.0,102.35,"17,46,005","22,04,01,374.98","19,867",125.56,128.496,,,,,,,0,0,,
2024-07-10,EQ,126.3,130.6,124.8,125.84,127.3,127.36,128.27,144.0,102.35,"57,60,482","73,88,82,263.97","46,301",126.14040000000001,128.2082,,,,,,,0,0,,
2024-07-11,EQ,127.58,128.15,125.8,127.36,127.1,127.08,126.75,144.0,102.35,"20,07,944","25,45,15,515.77","21,167",126.4936,127.96179999999998,,,,,,,0,0,,
2024-07-12,EQ,127.99,129.42,126.0,127.08,126.26,126.06,127.35,144.0,102.35,"16,11,768","20,52,62,196.43","18,610",126.66799999999999,127.698,,,,,,,0,0,,
2024-07-15,EQ,126.49,131.4,125.3,126.06,129.34,129.01,129.19,144.0,102.35,"38,36,606","49,56,44,838.30","36,233",126.89439999999999,127.50319999999999,,,,,,,0,0,,
2024-07-16,EQ,129.52,130.0,127.57,129.01,128.4,128.38,128.7,144.0,102.35,"15,33,193","19,73,25,223.48","15,631",126.9112,127.38680000000001,,,,,,,0,0,,
2024-07-18,EQ,128.38,128.38,125.81,128.38,127.0,127.17,127.0,144.0,102.35,"12,71,229","16,14,52,373.37","14,612",126.95559999999999,127.28820000000002,,,,,,,0,0,,
2024-07-19,EQ,126.98,127.0,124.0,127.17,124.54,124.54,124.87,144.0,102.35,"14,84,073","18,53,10,590.08","15,094",126.81039999999999,127.08200000000001,129.548,,,,,,0,0,,
2024-07-22,EQ,124.98,125.71,122.28,124.54,124.3,124.01,124.34,144.0,102.35,"7,58,789","9,43,48,795.83","11,701",126.6436,127.0222,129.41080000000002,,,,,,0,0,,
2024-07-23,EQ,124.0,126.1,121.96,124.01,124.19,124.42,124.14,144.0,102.35,"17,44,189","21,65,31,147.70","21,119",126.48280000000001,126.9536,129.26573333333334,,,,,,0,0,,
2024-07-24,EQ,128.66,128.66,125.04,124.42,128.1,127.91,127.03,144.0,102.35,"21,27,507","27,02,52,924.01","21,640",126.4532,126.8998,129.1232,,,,,,0,0,,
2024-07-25,EQ,127.8,135.99,126.34,127.91,135.11,135.09,133.14,144.0,102.35,"95,60,333","1,27,28,84,861.05","62,703",126.7744,126.9156,129.13773333333333,,,,,,0,0,,
2024-07-26,EQ,136.4,139.0,135.5,135.09,136.05,136.06,136.69,144.0,102.35,"54,78,183","74,88,14,029.00","39,295",127.10480000000001,126.98380000000002,129.12253333333334,,,,,,0,0,,
2024-07-29,EQ,138.54,140.5,136.58,136.06,137.78,137.78,138.76,144.0,102.35,"68,11,351","94,51,17,364.27","51,831",127.45039999999999,127.0564,129.1696,,,,,,0,0,,
2024-07-30,EQ,138.45,141.5,136.07,137.78,139.2,139.13,139.1,144.0,102.35,"47,98,120","66,74,20,617.58","36,875",127.94,127.14,129.238,,,,,,0,0,,
2024-07-31,EQ,141.08,149.66,141.08,139.13,145.7,146.09,146.35,149.66,102.35,"1,86,15,061","2,72,43,71,107.17","1,08,377",128.65040000000002,127.3618,129.3952,,,,,,0,0,,
2024-08-01,EQ,147.6,148.4,141.5,146.09,142.5,142.07,144.19,149.66,102.35,"42,34,388","61,05,58,900.45","31,960",129.25119999999998,127.52420000000001,129.48146666666668,,,,,,0,0,,
2024-08-02,EQ,139.9,141.8,138.4,142.07,140.0,139.72,140.24,149.66,102.35,"27,46,189","38,51,36,958.23","26,654",129.89600000000002,127.68360000000001,129.58839999999998,,,,,,0,0,,
2024-08-05,EQ,135.0,136.0,129.34,139.72,130.7,130.75,132.48,149.66,102.35,"39,37,265","52,16,08,632.41","37,185",130.1896,127.6856,129.58306666666667,,,,,,0,0,,
2024-08-06,EQ,132.75,133.99,126.35,130.75,128.15,127.89,130.89,149.66,102.35,"27,86,878","36,47,68,651.95","28,176",130.2816,127.6384,129.5456,,,,,,0,0,,
2024-08-07,EQ,129.3,132.9,128.5,127.89,131.95,132.1,131.05,149.66,102.35,"21,15,356","27,72,08,517.50","21,215",130.5956,127.71940000000001,129.57693333333333,,,,,,0,0,,
2024-08-08,EQ,132.49,132.49,128.01,132.1,128.6,128.41,129.99,149.66,102.35,"17,22,659","22,39,29,951.60","15,787",130.7356,127.7896,129.5624,,,,,,0,0,,
2024-08-09,EQ,130.1,130.96,128.0,128.41,128.9,128.24,129.01,149.66,102.35,"14,98,937","19,33,72,433.35","14,382",130.7576,127.85140000000001,129.53893333333335,,,,,,0,0,,
2024-08-12,EQ,128.3,130.7,124.65,128.24,129.45,128.92,128.26,149.66,102.35,"20,68,195","26,52,75,282.13","18,845",130.79840000000002,128.0128,129.46186666666668,,,,,,0,0,,
2024-08-13,EQ,128.92,131.0,126.0,128.92,126.9,126.24,128.31,149.66,102.35,"17,82,661","22,87,25,109.03","18,788",130.8108,128.12460000000002,129.35173333333336,,,,,,0,0,,
2024-08-14,EQ,126.75,127.26,124.1,126.24,125.3,124.88,125.58,149.66,102.35,"11,16,783","14,02,46,492.02","14,084",130.7724,128.1662,129.2548,,,,,,0,0,,
2024-08-16,EQ,126.6,128.78,125.83,124.88,127.1,127.46,127.25,149.66,102.35,"10,37,976","13,20,78,253.30","11,471",130.7764,128.4584,129.06426666666667,,,,,,0,0,,
2024-08-19,EQ,128.4,128.6,126.76,127.46,127.29,127.22,127.44,149.66,102.35,"10,76,218","13,71,55,061.24","14,915",130.78199999999998,128.6378,128.90186666666665,,,,,,0,0,,
2024-08-20,EQ,127.6,128.02,126.0,127.22,126.48,126.23,126.62,149.66,102.35,"11,20,987","14,19,34,100.70","10,936",130.78879999999998,128.7284,128.72826666666666,,,,,,0,0,,
2024-08-21,EQ,126.49,128.99,126.48,126.23,128.32,128.16,127.86,149.66,102.35,"12,56,588","16,06,67,987.70","11,252",130.75480000000002,128.8246,128.58706666666666,,,,,,0,0,,
2024-08-22,EQ,128.86,128.86,126.6,128.16,126.96,126.89,127.43,149.66,102.35,"12,70,042","16,18,43,709.74","13,902",130.6952,128.8032,128.48960000000002,,,,,,0,0,,
2024-08-23,EQ,127.5,127.84,126.5,126.89,127.1,127.1,127.16,149.66,102.35,"10,85,717","13,80,62,453.17","10,331",130.6924,128.82399999999998,128.42293333333336,,,,,,0,0,,
2024-08-26,EQ,128.6,129.0,124.77,127.1,124.95,125.01,125.8,149.66,102.35,"21,92,221","27,57,79,096.79","20,353",130.71120000000002,128.7608,128.29173333333333,129.8388,,,,,0,0,,
2024-08-27,EQ,125.48,125.5,124.15,125.01,125.0,124.91,124.74,149.66,102.35,"13,40,344","16,71,92,002.25","18,658",130.7472,128.6954,128.26386666666667,129.74490000000003,,,,,0,0,,
2024-08-28,EQ,124.92,131.43,124.02,124.91,130.8,130.56,128.55,149.66,102.35,"55,99,040","71,97,78,111.36","37,033",130.9928,128.7378,128.3,129.6975,,,,,0,0,,
2024-08-29,EQ,130.2,130.4,125.36,130.56,125.49,125.68,127.23,149.66,102.35,"24,59,478","31,29,14,115.95","33,766",130.9036,128.6784,128.2344,129.5683,,,,,0,0,,
2024-08-30,EQ,126.28,127.16,124.11,125.68,125.9,125.71,125.42,149.66,102.35,"25,32,848","31,76,69,376.58","34,584",130.52839999999998,128.6514,128.11986666666667,129.4854,,,,,0,0,,
2024-09-02,EQ,126.0,127.15,125.0,125.71,126.18,126.0,125.96,149.66,102.35,"15,01,762","18,91,54,994.85","13,492",130.12599999999998,128.6154,128.0312,129.3734,,,,,0,0,,
2024-09-03,EQ,126.19,127.5,125.53,126.0,126.31,126.35,126.45,149.66,102.35,"34,79,919","44,00,29,172.12","21,588",129.6688,128.55960000000002,127.92720000000001,129.2944,,,,,0,0,,
2024-09-04,EQ,124.99,126.98,124.99,126.35,126.0,125.92,125.74,149.66,102.35,"28,78,067","36,18,82,451.05","17,939",129.1404,128.5402,127.80680000000001,129.2136,,,,,0,0,,
2024-09-05,EQ,126.8,128.0,125.6,125.92,126.28,126.19,126.51,149.66,102.35,"15,81,426","20,00,64,496.08","22,327",128.34439999999998,128.4974,127.68933333333334,129.1325,,,,,0,0,,
2024-09-06,EQ,126.3,126.53,121.25,126.19,122.3,122.19,123.59,149.66,102.35,"22,78,788","28,16,24,349.67","28,259",127.5492,128.4002,127.53253333333332,128.9984,,,,,0,0,,
2024-09-09,EQ,122.0,122.0,117.76,122.19,120.5,119.9,119.8,149.66,102.35,"25,87,781","31,00,13,993.53","39,784",126.7564,128.3262,127.37453333333333,128.8804,,,,,0,0,,
2024-09-10,EQ,121.15,127.25,121.14,119.9,126.8,126.11,124.58,149.66,102.35,"42,29,793","52,69,30,822.95","34,414",126.5708,128.38019999999997,127.314,128.83,,,,,0,0,,
2024-09-11,EQ,127.0,127.0,122.55,126.11,123.2,123.59,123.79,149.66,102.35,"14,22,795","17,61,22,820.24","19,849",126.3988,128.3402,127.22519999999999,128.75889999999998,,,,,0,0,,
2024-09-12,EQ,124.5,128.34,119.78,123.59,127.3,127.64,124.34,149.66,102.35,"70,17,086","87,25,29,515.76","49,556",126.22040000000001,128.40800000000002,127.21973333333332,128.7378,,,,,0,0,,
2024-09-13,EQ,127.55,133.3,125.3,127.64,131.5,132.22,130.68,149.66,102.35,"74,81,426","97,76,61,030.79","62,017",126.37279999999998,128.5542,127.31733333333335,128.765,,,,,0,0,,
2024-09-16,EQ,132.45,133.99,128.0,132.22,128.55,128.57,130.33,149.66,102.35,"44,79,730","58,38,57,562.63","48,904",126.38600000000001,128.5718,127.36293333333333,128.7507,,,,,0,0,,
2024-09-17,EQ,128.74,128.84,125.11,128.57,126.5,126.44,126.34,149.66,102.35,"19,23,170","24,29,81,585.49","22,800",126.2868,128.5426,127.43746666666668,128.6681,,,,,0,0,,
2024-09-18,EQ,126.45,126.8,123.5,126.44,124.0,123.82,124.91,149.66,102.35,"17,92,870","22,39,40,344.79","24,201",126.19,128.5004,127.47973333333333,128.56130000000002,,,,,0,0,,
2024-09-19,EQ,124.3,125.12,120.05,123.82,122.0,121.41,121.62,149.66,102.35,"23,23,865","28,26,26,603.38","32,012",126.05120000000001,128.4118,127.4612,128.4539,,,,,0,0,,
2024-09-20,EQ,122.0,124.65,120.0,121.41,123.0,122.38,121.66,149.66,102.35,"51,05,986","62,11,80,260.41","33,147",125.848,128.31220000000002,127.58826666666666,128.2602,,,,,0,0,,
2024-09-23,EQ,124.0,124.7,122.05,122.38,123.6,123.85,123.51,149.66,102.35,"25,74,490","31,79,68,861.14","24,943",125.71320000000001,128.2476,127.66293333333333,128.10469999999998,,,,,0,0,,
2024-09-24,EQ,123.9,125.29,122.6,123.85,123.25,123.36,123.97,149.66,102.35,"24,03,377","29,79,36,019.41","26,522",125.5984,128.1936,127.68506666666669,127.9458,,,,,0,0,,
2024-09-25,EQ,123.3,123.55,121.5,123.36,121.7,121.95,122.12,149.66,102.35,"15,56,471","19,00,69,760.13","18,485",125.35,128.0524,127.6664,127.77779999999998,,,,,0,0,,
2024-09-26,EQ,122.0,123.71,120.05,121.95,121.2,120.72,120.93,149.66,102.35,"41,37,275","50,03,35,040.91","28,472",125.1032,127.89920000000001,127.56986666666667,127.64300000000001,,,,,0,0,,
2024-09-27,EQ,121.65,123.0,120.1,120.72,120.97,121.14,121.79,149.66,102.35,"15,03,385","18,30,98,492.75","21,411",124.8648,127.77859999999998,127.50426666666667,127.5334,,,,,0,0,,
2024-09-30,EQ,121.0,121.0,117.34,121.14,118.45,117.75,117.99,149.66,102.35,"33,53,829","39,57,18,231.68","43,553",124.57439999999998,127.6428,127.36533333333333,127.3624,,,,,0,0,,
2024-10-01,EQ,118.45,120.8,117.89,117.75,119.4,119.23,119.11,149.66,102.35,"16,99,109","20,23,80,146.28","19,935",124.34719999999999,127.54720000000002,127.24599999999998,127.28469999999999,,,,,0,0,,
2024-10-03,EQ,118.0,118.92,117.24,119.23,117.45,118.22,117.99,149.66,102.35,"18,87,273","22,26,84,277.94","24,277",123.8536,127.4232,127.10973333333335,127.1884,,,,,0,0,,
2024-10-04,EQ,117.59,117.66,113.21,118.22,113.99,114.16,115.66,149.66,102.35,"34,82,346","40,27,76,260.95","50,137",123.3928,127.14820000000002,126.91653333333333,127.024,,,,,0,0,,
2024-10-07,EQ,115.4,115.65,108.97,114.16,111.4,111.12,111.3,149.66,102.35,"32,59,774","36,28,02,993.70","31,165",122.8092,126.6688,126.704,126.7922,,,,,0,0,,
2024-10-08,EQ,111.5,112.91,108.66,111.12,112.48,112.35,111.44,149.66,102.35,"15,67,486","17,46,85,325.13","23,402",122.26320000000001,126.1946,126.498,126.5892,,,,,0,0,,
2024-10-09,EQ,114.04,115.84,113.51,112.35,114.52,114.38,114.81,149.66,102.35,"11,33,312","13,01,16,748.12","12,759",121.78439999999999,125.7266,126.30120000000001,126.39150000000001,,,,,0,0,,
2024-10-10,EQ,115.76,115.76,112.0,114.38,113.94,113.1,112.88,149.66,102.35,"29,42,689","33,21,70,626.18","15,851",121.27159999999999,125.206,126.11733333333332,126.17299999999999,,,,,0,0,,
2024-10-11,EQ,113.5,118.85,112.67,113.1,118.2,118.45,116.85,149.66,102.35,"31,37,311","36,65,82,450.62","26,832",120.962,124.6532,125.9856,126.0075,,,,,0,0,,
2024-10-14,EQ,118.45,118.45,116.11,118.45,116.7,116.44,117.01,149.66,102.35,"7,68,948","8,99,73,654.57","9,815",120.73200000000001,124.14059999999999,125.84413333333335,125.83239999999999,,,,,0,0,,
2024-10-15,EQ,116.65,122.5,114.31,116.44,122.35,121.82,118.84,149.66,102.35,"95,99,923","1,14,08,85,077.20","56,361",120.80879999999999,123.7826,125.8204,125.7331,,,,,0,0,,
2024-10-16,EQ,121.9,123.5,120.25,121.82,122.4,122.59,122.01,149.66,102.35,"32,87,546","40,11,06,440.69","25,666",120.66799999999999,123.6194,125.80946666666668,125.6525,,,,,0,0,,
2024-10-17,EQ,122.9,123.3,115.75,122.59,116.2,116.31,118.48,149.66,102.35,"27,45,506","32,52,92,778.60","31,089",120.3768,123.38779999999998,125.68573333333333,125.5131,,,,,0,0,,
2024-10-18,EQ,115.9,119.85,113.9,116.31,118.27,119.06,117.67,149.66,102.35,"18,11,085","21,31,18,631.68","20,218",120.03359999999999,123.12700000000001,125.61653333333334,125.4232,,,,,0,0,,
2024-10-21,EQ,119.07,119.1,113.25,119.06,115.04,114.1,115.35,149.66,102.35,"16,79,498","19,37,28,149.52","19,675",119.3088,122.8408,125.47240000000001,125.3152,,,,,0,0,,
2024-10-22,EQ,115.02,115.17,110.0,114.1,111.25,110.44,112.32,149.66,102.35,"19,31,292","21,69,26,196.55","22,559",118.58359999999999,122.48479999999999,125.2424,125.1681,,,,,0,0,,
2024-10-23,EQ,111.0,113.91,109.0,110.44,113.0,112.1,111.87,149.66,102.35,"13,00,239","14,54,53,946.29","20,407",118.01,122.1484,125.03173333333335,125.08060000000002,,,,,0,0,,
2024-10-24,EQ,113.0,113.75,109.5,112.1,110.2,110.1,111.08,149.66,102.35,"12,94,007","14,37,44,216.40","15,132",117.4612,121.8256,124.82066666666665,124.97509999999998,,,,,0,0,,
2024-10-25,EQ,110.4,111.2,105.85,110.1,107.5,107.03,107.65,149.66,102.35,"21,58,569","23,23,60,029.15","30,450",116.88599999999998,121.46859999999998,124.56986666666667,124.81739999999999,,,,,0,0,,
2024-10-28,EQ,107.37,109.21,105.55,107.03,108.05,108.18,107.67,149.66,104.7,"11,77,069","12,67,29,700.48","19,270",116.31800000000001,121.083,124.31413333333333,124.77069999999999,,,,,0,0,,
2024-10-29,EQ,107.91,108.79,106.12,108.18,108.0,107.73,107.28,149.66,104.7,"9,08,800","9,75,00,502.89","13,255",115.6732,120.69319999999999,124.05613333333332,124.6655,,,,,0,0,,
2024-10-30,EQ,107.86,111.64,107.73,107.73,110.5,110.41,110.02,149.66,104.7,"8,73,449","9,60,98,956.61","11,241",115.15520000000001,120.3768,123.84746666666666,124.5526,,,,,0,0,,
2024-10-31,EQ,110.25,112.6,108.96,110.41,112.3,112.17,111.51,149.66,104.7,"14,37,750","16,03,18,429.16","21,794",114.764,120.05699999999999,123.62293333333332,124.4408,,,,,0,0,,
2024-11-01,EQ,112.96,114.4,112.95,112.17,113.6,113.71,113.76,149.66,104.7,"4,17,487","4,74,93,821.74","4,718",114.48360000000001,119.79339999999998,123.42733333333335,124.2983,,,,,0,0,,
2024-11-04,EQ,113.9,113.9,109.51,113.71,109.9,109.94,110.86,149.66,104.7,"9,23,838","10,24,14,166.08","14,066",114.03560000000002,119.45020000000001,123.1976,124.13709999999999,,,,,0,0,,
2024-11-05,EQ,109.55,111.3,108.61,109.94,110.17,109.98,110.02,149.66,104.7,"8,96,585","9,86,37,980.86","12,639",113.72480000000002,119.14959999999999,123.00346666666667,123.9552,126.27573333333333,,,,0,0,,
2024-11-06,EQ,110.4,113.8,110.36,109.98,113.0,112.8,112.32,149.66,104.7,"11,54,551","12,96,84,280.71","11,861",113.4676,118.9074,122.85399999999998,123.8014,126.1324,,,,0,0,,
2024-11-07,EQ,113.0,113.98,111.11,112.8,111.85,111.37,112.39,149.66,104.7,"7,50,301","8,43,22,706.71","9,135",113.19359999999999,118.52359999999999,122.68,123.63070000000002,125.97286666666668,,,,0,0,,
2024-11-08,EQ,111.7,112.3,109.92,111.37,110.1,110.61,111.28,149.66,104.7,"8,43,522","9,38,67,069.39","12,424",113.0516,118.22220000000002,122.44933333333331,123.45029999999998,125.78626666666666,,,,0,0,,
2024-11-11,EQ,110.15,110.99,107.65,110.61,109.1,108.45,109.42,149.66,104.7,"9,28,039","10,15,49,817.09","14,078",112.94480000000001,117.87700000000001,122.09413333333333,123.2642,125.61593333333333,,,,0,0,,
2024-11-12,EQ,108.95,109.95,105.84,108.45,107.01,106.4,107.7,149.66,104.7,"8,95,056","9,63,98,694.64","11,424",112.70679999999999,117.485,121.69866666666667,123.0502,125.4106,,,,0,0,,
2024-11-13,EQ,106.45,107.1,103.7,106.4,106.25,106.16,105.74,149.66,103.7,"11,93,243","12,61,68,313.39","16,752",112.37800000000001,117.0812,121.27706666666666,122.82039999999999,125.22333333333333,,,,0,0,,
2024-11-14,EQ,106.4,107.9,104.0,106.16,104.31,104.26,105.19,149.66,103.7,"9,28,364","9,76,58,846.92","14,882",112.0244,116.648,120.81213333333334,122.5941,125.02506666666666,,,,0,0,,
2024-11-18,EQ,101.51,104.0,101.31,104.26,101.8,102.1,102.3,149.66,101.31,"16,15,059","16,52,20,453.17","17,894",111.37039999999999,116.1662,120.2256,122.3318,124.81039999999999,,,,0,0,,
2024-11-19,EQ,102.11,104.28,99.15,102.1,99.35,100.21,101.87,149.66,99.15,"19,40,039","19,76,27,060.27","18,949",110.7212,115.7266,119.66746666666666,122.0634,124.57446666666668,,,,0,0,,
2024-11-21,EQ,100.0,100.0,96.51,100.21,97.21,97.17,97.59,149.66,96.51,"16,55,924","16,15,93,472.21","23,221",109.7352,115.272,119.10013333333333,121.7991,124.34426666666667,,,,0,0,,
2024-11-22,EQ,98.1,100.5,96.67,97.17,99.6,99.83,99.53,149.66,96.51,"18,27,004","18,18,45,078.82","17,095",108.8248,114.74640000000001,118.68786666666666,121.5633,124.13546666666666,,,,0,0,,
2024-11-25,EQ,102.5,102.5,99.16,99.83,99.66,99.44,100.61,149.66,96.51,"12,42,464","12,50,05,283.50","16,186",108.15,114.2634,118.30853333333333,121.3018,123.92706666666668,,,,0,0,,
2024-11-26,EQ,100.0,103.34,100.0,99.44,103.15,102.9,101.98,149.66,96.51,"11,02,124","11,23,90,591.89","12,280",107.5036,113.7686,117.91919999999999,121.0883,123.74806666666669,,,,0,0,,
2024-11-27,EQ,103.15,105.65,102.61,102.9,104.5,104.13,104.18,149.66,96.51,"15,48,940","16,13,63,662.33","13,101",107.1048,113.20679999999999,117.59546666666667,120.88050000000001,123.57893333333334,,,,0,0,,
2024-11-28,EQ,104.39,107.7,103.71,104.13,105.72,105.54,106.03,149.66,96.51,"18,91,469","20,05,56,013.95","17,068",106.90880000000001,112.74619999999999,117.29279999999999,120.65899999999999,123.41586666666667,,,,0,0,,
2024-11-29,EQ,105.51,105.54,102.5,105.54,102.99,102.97,103.85,149.66,96.51,"8,95,668","9,30,11,315.57","11,284",106.54359999999998,112.27680000000001,116.9468,120.40970000000002,123.20433333333334,,,,0,0,,
2024-12-02,EQ,102.97,106.42,102.18,102.97,104.95,105.54,104.34,149.66,96.51,"11,08,487","11,56,64,066.48","14,600",106.3612,111.9112,116.6708,120.2058,123.01126666666669,,,,0,0,,
2024-12-03,EQ,105.42,106.75,104.93,105.54,105.94,105.82,106.0,149.66,96.51,"7,87,951","8,35,21,000.99","10,802",106.31280000000001,111.59939999999999,116.41666666666667,120.0056,122.83573333333334,,,,0,0,,
2024-12-04,EQ,106.35,106.96,103.68,105.82,104.5,104.3,104.86,149.66,96.51,"15,81,760","16,58,67,494.68","13,608",106.1576,111.2378,116.10786666666667,119.775,122.58606666666667,,,,0,0,,
2024-12-05,EQ,105.25,106.0,104.1,104.3,104.82,104.85,104.87,149.66,96.51,"13,87,147","14,54,69,116.77","10,140",106.0424,110.85780000000001,115.80959999999999,119.55269999999999,122.35573333333333,,,,0,0,,
2024-12-06,EQ,105.4,105.7,104.5,104.85,104.75,104.7,104.9,149.66,96.51,"8,23,233","8,63,57,342.52","7,787",105.814,110.48459999999999,115.52253333333334,119.3391,122.12540000000001,,,,0,0,,
2024-12-09,EQ,104.9,105.62,103.55,104.7,103.7,103.67,104.21,149.66,96.51,"9,26,926","9,65,93,346.20","9,523",105.47399999999999,110.119,115.19600000000001,119.0857,121.89153333333336,,,,0,0,,
2024-12-10,EQ,104.0,104.7,103.0,103.67,103.7,103.32,103.76,149.66,96.51,"12,05,117","12,50,46,313.94","8,567",105.0584,109.77099999999999,114.88173333333333,118.8351,121.68566666666668,,,,0,0,,
2024-12-11,EQ,103.4,105.05,102.45,103.32,102.89,102.61,103.34,149.66,96.51,"14,50,078","14,98,56,514.44","11,689",104.7652,109.4004,114.5552,118.5895,121.48906666666664,,,,0,0,,
2024-12-12,EQ,103.45,103.45,101.5,102.61,102.31,102.02,102.17,149.66,96.51,"7,05,933","7,21,23,017.38","7,258",104.44679999999998,109.0858,114.24866666666668,118.3643,121.27019999999999,,,,0,0,,
2024-12-13,EQ,101.9,102.49,100.19,102.02,101.71,101.77,101.23,149.66,96.51,"5,91,582","5,98,87,936.64","8,644",104.0056,108.7366,113.9401333333333,118.14189999999999,121.10199999999999,,,,0,0,,
2024-12-16,EQ,102.0,103.24,101.52,101.77,101.91,101.97,102.22,149.66,96.51,"6,83,024","6,98,18,068.26","9,582",103.62960000000001,108.41159999999999,113.55893333333333,117.9174,120.92946666666668,,,,0,0,,
2024-12-17,EQ,102.24,102.39,99.94,101.97,100.5,100.14,100.72,149.66,96.51,"8,88,612","8,95,04,951.64","10,675",103.2108,108.13119999999999,113.21839999999999,117.63969999999999,120.7264,,,,0,0,,
2024-12-18,EQ,100.5,100.63,98.8,100.14,99.33,99.33,99.32,149.66,96.51,"9,11,854","9,05,68,717.01","11,753",102.84599999999999,107.8954,112.86666666666666,117.28209999999999,120.49326666666667,,,,0,0,,
2024-12-19,EQ,98.5,99.8,97.66,99.33,99.4,99.24,99.0,149.66,96.51,"7,75,306","7,67,57,785.64","10,376",102.5596,107.6332,112.50986666666667,116.9139,120.27053333333332,,,,0,0,,
2024-12-20,EQ,99.8,100.55,96.25,99.24,97.0,96.67,98.26,149.66,96.25,"12,19,577","11,98,32,233.14","14,650",102.18,107.279,112.11413333333333,116.5028,120.02066666666668,,,,0,0,,
2024-12-23,EQ,97.98,97.99,95.51,96.67,96.04,95.86,96.27,149.66,95.51,"8,35,052","8,03,91,638.30","11,623",101.844,106.9342,111.71333333333334,116.0701,119.76006666666666,,,,0,0,,
2024-12-24,EQ,96.19,97.25,95.56,95.86,96.3,96.03,96.37,149.66,95.51,"6,84,452","6,59,59,386.03","9,632",101.6012,106.4858,111.31119999999997,115.56949999999999,119.50026666666668,,,,0,0,,
2024-12-26,EQ,97.0,97.85,96.4,96.03,97.58,97.53,97.12,149.66,95.51,"6,36,002","6,17,71,001.80","6,883",101.494,106.1076,110.9824,115.1241,119.25746666666666,,,,0,0,,
2024-12-27,EQ,97.2,98.5,95.55,97.53,96.34,96.29,97.19,149.66,95.51,"6,49,130","6,30,86,009.55","9,255",101.45880000000001,105.597,110.6676,114.68980000000002,119.02106666666667,,,,0,0,,
2024-12-30,EQ,96.4,97.99,96.07,96.29,97.09,97.0,97.14,149.66,95.51,"8,47,312","8,23,11,182.34","11,212",101.34560000000002,105.08519999999999,110.27946666666668,114.35230000000001,118.79673333333335,,,,0,0,,
2024-12-31,EQ,97.0,97.9,96.05,97.0,97.6,97.32,96.83,149.66,95.51,"3,76,513","3,64,58,625.57","6,681",101.2608,104.70540000000001,109.92920000000001,114.0466,118.5772,,,,0,0,,
2025-01-01,EQ,97.75,101.75,97.14,97.32,101.5,100.54,99.12,149.66,95.51,"7,74,436","7,67,62,129.16","9,958",101.1664,104.335,109.56786666666667,113.73099999999998,118.3938,,,,0,0,,
2025-01-02,EQ,101.05,106.0,100.6,100.54,103.43,103.64,103.62,149.66,95.51,"30,94,114","32,06,24,864.81","33,010",101.1468,104.1258,109.18679999999999,113.4833,118.25206666666668,,,,0,0,,
2025-01-03,EQ,103.8,104.9,102.61,103.64,103.52,103.65,103.96,149.66,95.51,"12,69,917","13,20,21,988.85","12,909",101.07119999999999,103.99,108.85453333333334,113.2374,118.10873333333332,,,,0,0,,
2025-01-06,EQ,103.65,103.65,97.01,103.65,98.08,97.55,99.22,149.66,95.51,"14,01,822","13,90,90,954.91","21,551",100.8544,103.699,108.46933333333332,112.9237,117.95340000000002,,,,0,0,,
2025-01-07,EQ,98.47,99.18,97.26,97.55,98.99,98.57,98.46,149.66,95.51,"5,26,587","5,18,48,422.53","9,571",100.57560000000001,103.4684,108.13266666666667,112.64699999999999,117.8062,,,,0,0,,
2025-01-08,EQ,98.9,99.2,96.7,98.57,97.3,97.32,97.3,149.66,95.51,"6,32,220","6,15,12,635.28","12,510",100.23559999999999,103.27420000000001,107.81146666666666,112.37140000000001,117.63633333333334,,,,0,0,,
2025-01-09,EQ,98.25,98.46,96.81,97.32,97.2,97.47,97.62,149.66,95.51,"4,45,465","4,34,85,987.10","7,385",99.9624,103.06,107.47933333333333,112.0715,117.5338,,,,0,0,,
2025-01-10,EQ,97.47,97.47,94.25,97.47,94.93,94.79,95.36,149.66,94.25,"6,67,172","6,36,21,875.94","14,207",99.56,102.80120000000001,107.09186666666668,111.74719999999999,117.37740000000001,,,,0,0,,
2025-01-13,EQ,93.99,94.48,87.3,94.79,88.99,88.46,90.86,149.66,87.3,"15,97,044","14,51,14,845.70","28,615",98.91040000000001,102.36219999999999,106.62653333333333,111.3695,117.1558,,,,0,0,,
2025-01-14,EQ,88.51,90.52,88.04,88.46,90.28,89.67,89.57,149.66,87.3,"11,31,576","10,13,54,336.79","16,827",98.35040000000001,101.91220000000001,106.19613333333334,110.98460000000001,116.93126666666666,,,,0,0,,
2025-01-15,EQ,90.59,91.69,88.15,89.67,89.25,89.02,90.17,149.66,87.3,"9,03,099","8,14,35,583.72","11,116",97.7784,101.4184,105.77346666666666,110.6059,116.67166666666667,,,,0,0,,
2025-01-16,EQ,90.15,91.8,90.11,89.02,91.21,91.12,90.99,149.66,87.3,"7,60,673","6,92,14,433.76","7,828",97.31880000000001,101.04199999999999,105.3732,110.24609999999998,116.43873333333335,,,,0,0,,
2025-01-17,EQ,91.34,91.77,90.32,91.12,90.85,90.9,90.94,149.66,87.3,"6,20,089","5,63,87,926.82","8,985",96.87400000000001,100.66040000000001,105.01520000000001,109.905,116.19026666666667,119.87190000000001,118.67318100000001,121.07061900000001,1,0,90.9,
2025-01-20,EQ,91.4,92.75,90.68,90.9,92.1,92.18,92.01,149.66,87.3,"7,96,219","7,32,60,044.74","8,372",96.49040000000001,100.24799999999999,104.65453333333332,109.5777,115.95026666666668,119.66130000000001,118.46468700000001,120.85791300000001,0,0,,
2025-01-21,EQ,92.47,95.6,91.85,92.18,93.0,93.0,93.65,149.66,87.3,"12,77,456","11,96,36,591.85","12,837",96.13159999999999,99.8806,104.31826666666666,109.20209999999999,115.71400000000001,119.44980000000001,118.25530200000001,120.644298,0,0,,
2025-01-22,EQ,93.5,93.5,88.62,93.0,90.18,89.96,89.94,149.66,87.3,"7,59,497","6,83,11,058.72","13,180",95.7244,99.46759999999999,103.99559999999998,108.8449,115.45606666666667,119.2066,118.014534,120.39866599999999,0,0,,
2025-01-23,EQ,89.87,90.72,88.98,89.96,89.34,89.35,89.99,149.66,87.3,"7,26,294","6,53,57,877.12","7,708",95.32520000000001,99.0856,103.70533333333333,108.4813,115.20466666666667,118.98334999999999,117.79351649999998,120.1731835,0,0,,
2025-01-24,EQ,89.39,90.0,87.99,89.35,88.22,88.3,88.62,149.66,87.3,"4,37,566","3,87,76,023.90","7,774",94.8876,98.7236,103.38466666666667,108.10430000000001,114.94133333333332,118.73884999999999,117.55146149999999,119.92623849999998,0,0,,
2025-01-27,EQ,87.76,87.76,84.12,88.3,87.11,87.21,86.5,149.66,84.12,"16,39,291","14,17,96,053.93","21,927",94.5092,98.34460000000001,103.0224,107.71289999999999,114.6618,118.50365,117.3186135,119.68868649999999,0,0,,
2025-01-28,EQ,87.0,88.5,83.15,87.21,87.67,87.51,86.32,149.66,83.15,"14,88,708","12,85,01,501.17","19,639",94.1752,98.0096,102.6812,107.32879999999999,114.39926666666666,118.2712,117.088488,119.45391199999999,0,0,,
2025-01-29,EQ,87.15,89.5,87.15,87.51,89.21,89.25,88.9,149.66,83.15,"5,30,982","4,72,06,766.94","8,143",93.904,97.7526,102.29186666666668,106.95939999999999,114.13873333333332,118.04594999999999,116.86549049999999,119.22640949999999,0,0,,
2025-01-30,EQ,90.0,90.75,88.71,89.25,88.85,88.98,89.62,149.66,83.15,"3,29,939","2,95,67,940.81","7,345",93.56200000000001,97.52799999999999,101.92573333333334,106.62730000000002,113.88493333333332,117.81285,116.6347215,118.9909785,0,0,,
2025-01-31,EQ,88.0,90.4,88.0,88.98,89.94,89.89,89.58,149.66,83.15,"5,21,635","4,67,25,816.18","9,020",93.30599999999998,97.3824,101.5,106.32719999999999,113.66019999999999,117.60379999999999,116.42776199999999,118.779838,0,0,,
2025-02-01,EQ,90.7,95.5,90.08,89.89,93.4,93.56,93.27,149.66,83.15,"9,30,286","8,67,68,901.90","14,427",93.16839999999998,97.25699999999999,101.11293333333333,106.0017,113.4612,117.41584999999999,116.24169149999999,118.5900085,0,0,,
2025-02-03,EQ,93.4,93.44,89.41,93.56,89.97,89.82,90.67,149.66,83.15,"6,37,622","5,78,11,117.13","12,542",92.86840000000001,97.06460000000001,100.75973333333334,105.664,113.22273333333334,117.21145,116.03933549999999,118.3835645,0,0,,
2025-02-04,EQ,91.0,91.78,88.91,89.82,90.3,90.2,90.15,149.66,83.15,"9,12,340","8,22,51,074.37","11,938",92.45479999999999,96.8106,100.37493333333333,105.28960000000001,112.99573333333333,117.01370000000001,115.84356300000002,118.18383700000001,0,0,,
2025-02-05,EQ,91.0,91.9,90.79,90.2,91.3,91.13,91.18,149.66,83.15,"5,13,066","4,67,82,264.83","7,701",91.95439999999999,96.55060000000002,100.06866666666667,104.8787,112.77053333333335,116.82185000000001,115.65363150000002,117.9900685,0,0,,
2025-02-06,EQ,91.99,93.18,89.9,91.13,92.15,91.88,91.86,149.66,83.15,"11,29,368","10,37,39,960.96","11,832",91.48360000000001,96.27740000000001,99.8212,104.51180000000001,112.53179999999998,116.63125,115.46493749999999,117.7975625,0,0,,
2025-02-07,EQ,89.15,91.75,89.0,91.88,90.67,90.45,90.3,149.66,83.15,"7,33,002","6,61,88,126.17","9,388",91.19959999999999,96.027,99.53253333333333,104.15189999999998,112.28213333333333,116.41,115.24589999999999,117.5741,0,0,,
2025-02-10,EQ,90.45,90.45,88.11,90.45,89.7,89.84,89.16,149.66,83.15,"5,63,095","5,02,04,132.45","7,681",90.8504,95.71300000000001,99.2624,103.81209999999999,112.04153333333333,116.1867,115.024833,117.348567,0,0,,
2025-02-11,EQ,89.7,89.83,85.5,89.84,86.58,86.77,87.0,149.66,83.15,"8,12,671","7,07,00,200.02","13,009",90.4284,95.332,98.99226666666667,103.4657,111.78106666666666,115.9598,114.800202,117.119398,0,0,,
2025-02-12,EQ,86.93,86.93,80.7,86.77,83.79,83.6,82.99,149.66,80.7,"13,02,566","10,80,97,687.91","24,123",89.87359999999998,94.918,98.66453333333334,103.07790000000001,111.48933333333332,115.66904999999998,114.51235949999999,116.82574049999998,0,0,,
2025-02-13,EQ,82.76,84.8,82.14,83.6,83.95,83.61,83.5,149.66,80.7,"11,94,837","9,97,64,421.21","15,960",89.4264,94.4932,98.34293333333333,102.67550000000001,111.19953333333333,115.3901,114.236199,116.54400100000001,0,0,,
2025-02-14,EQ,83.85,84.65,78.0,83.61,83.65,83.8,81.73,149.66,78.0,"16,54,003","13,51,74,513.64","21,605",89.24,94.07520000000001,97.98813333333332,102.2799,110.91779999999999,115.11285,113.9617215,116.2639785,0,0,,
2025-02-17,EQ,83.79,86.15,79.79,83.8,82.1,81.59,83.5,149.66,78.0,"17,69,975","14,77,99,139.85","23,211",88.91679999999998,93.6336,97.58040000000001,101.87630000000001,110.60166666666667,114.82705,113.6787795,115.9753205,0,0,,
2025-02-18,EQ,82.15,82.25,76.6,81.59,77.1,76.94,78.18,149.66,76.6,"38,83,495","30,36,04,732.04","42,378",88.43359999999998,93.10600000000001,97.09013333333334,101.4385,110.25873333333334,114.54075,113.3953425,115.68615750000001,0,0,,
2025-02-19,EQ,76.89,79.54,76.8,76.94,77.9,78.19,78.23,149.66,76.6,"14,51,864","11,35,80,580.91","29,019",87.9164,92.6176,96.66680000000001,101.009,109.93219999999998,114.2712,113.12848799999999,115.413912,0,0,,
2025-02-20,EQ,78.24,78.83,76.2,78.19,78.13,77.8,77.81,149.66,76.2,"24,34,590","18,94,29,979.00","47,930",87.3924,92.1332,96.23773333333334,100.60950000000001,109.6206,113.98594999999999,112.84609049999999,115.12580949999999,0,0,,
2025-02-21,EQ,77.61,79.26,76.09,77.8,76.3,76.49,77.2,149.66,76.09,"16,31,369","12,59,33,569.20","29,584",86.7648,91.6276,95.7536,100.1821,109.3038,113.7334,112.59606600000001,114.870734,0,0,,
2025-02-24,EQ,75.89,76.74,73.25,76.49,76.1,76.01,75.49,149.66,73.25,"12,63,891","9,54,04,997.76","25,085",86.0852,91.1084,95.28213333333333,99.76,108.98106666666666,113.4742,112.339458,114.608942,0,0,,
2025-02-25,EQ,75.9,77.13,75.39,76.01,76.7,76.53,76.47,149.66,73.25,"10,45,309","7,99,39,938.22","16,157",85.54799999999999,90.6362,94.82773333333333,99.38369999999999,108.63853333333333,113.20385,112.0718115,114.33588850000001,0,0,,
2025-02-27,EQ,77.5,77.5,74.05,76.53,75.06,75.21,75.11,149.66,73.25,"14,14,883","10,62,74,983.86","23,296",84.9824,90.1538,94.38453333333334,99.0246,108.23933333333333,112.9084,111.779316,114.037484,0,0,,
2025-02-28,EQ,75.06,75.2,70.58,75.21,71.7,71.19,71.58,149.66,70.58,"55,47,961","39,71,20,742.60","35,965",84.29799999999999,89.59280000000001,93.91506666666668,98.613,107.80686666666666,112.60109999999999,111.47508899999998,113.727111,0,0,,
2025-03-03,EQ,71.6,72.29,68.57,71.19,71.1,71.45,70.24,149.66,68.57,"20,32,865","14,27,96,971.48","27,991",83.66760000000001,89.08840000000001,93.45226666666667,98.18369999999999,107.36466666666666,112.2876,111.16472399999999,113.410476,0,0,,
2025-03-04,EQ,71.0,71.97,69.78,71.45,70.75,70.85,70.78,149.66,68.57,"15,55,810","11,01,19,590.68","18,020",83.00120000000001,88.5882,93.0068,97.7612,106.90946666666667,111.96709999999999,110.84742899999999,113.08677099999998,0,0,,
2025-03-05,EQ,70.1,74.51,70.1,70.85,74.3,74.28,72.99,149.66,68.57,"14,38,099","10,49,66,053.66","16,004",82.4024,88.1532,92.63586666666666,97.3195,106.43073333333334,111.6635,110.546865,112.780135,0,0,,
2025-03-06,EQ,75.35,76.0,74.25,74.28,74.31,74.48,74.96,149.66,68.57,"11,02,449","8,26,36,336.82","12,654",81.8224,87.69220000000001,92.2928,96.8999,105.98013333333334,111.36615,110.2524885,112.47981150000001,0,0,,
2025-03-07,EQ,74.48,75.8,74.02,74.48,74.99,74.96,75.12,149.66,68.57,"10,19,052","7,65,54,802.45","14,128",81.2252,87.2656,91.99666666666667,96.4313,105.5484,111.0822,109.971378,112.193022,0,0,,
2025-03-10,EQ,74.99,75.69,71.9,74.96,72.34,72.08,73.39,149.66,68.57,"13,30,607","9,76,57,647.36","15,766",80.366,86.76720000000002,91.62666666666667,95.9262,105.15726666666667,110.78935000000001,109.68145650000001,111.89724350000002,0,0,,
2025-03-11,EQ,71.5,72.5,70.54,72.08,72.45,72.28,71.72,149.66,68.57,"11,05,972","7,93,17,564.05","13,673",79.6644,86.26639999999999,91.26453333333333,95.4859,104.78653333333332,110.49950000000001,109.39450500000001,111.60449500000001,0,0,,
2025-03-12,EQ,72.5,73.25,71.0,72.28,71.89,71.54,71.74,149.66,68.57,"9,14,940","6,56,38,888.13","9,908",78.918,85.68639999999999,90.8464,95.0107,104.38279999999999,110.21695,109.1147805,111.3191195,0,0,,
2025-03-13,EQ,71.75,72.74,70.85,71.54,71.18,71.18,71.55,149.66,68.57,"10,47,224","7,49,33,044.62","9,737",78.12,85.03720000000001,90.40706666666668,94.58149999999999,104.00126666666665,109.94835,108.8488665,111.04783350000001,0,0,,
2025-03-17,EQ,71.84,72.58,70.78,71.18,71.39,71.26,71.47,149.66,68.57,"15,11,750","10,80,51,773.32","18,646",77.29520000000001,84.38939999999998,89.95,94.18969999999999,103.6214,109.6789,108.582111,110.775689,0,0,,
2025-03-18,EQ,71.35,74.75,71.35,71.26,74.48,74.2,73.82,149.66,68.57,"18,42,678","13,60,26,951.93","20,788",76.64519999999999,83.92240000000001,89.5664,93.8107,103.25659999999999,109.44565,108.3511935,110.54010650000001,0,0,,
2025-03-19,EQ,74.2,77.25,74.2,74.2,76.55,76.58,76.37,149.66,68.57,"21,31,839","16,28,02,161.52","14,747",76.1148,83.4826,89.18026666666667,93.47550000000001,102.92553333333333,109.22529999999999,108.13304699999999,110.31755299999999,0,0,,
2025-03-20,EQ,77.81,78.1,76.73,76.58,77.51,77.6,77.48,149.66,68.57,"18,41,563","14,26,84,365.35","16,472",75.748,83.0882,88.804,93.1812,102.61033333333334,108.9993,107.909307,110.08929300000001,0,0,,
2025-03-21,EQ,77.8,79.6,77.55,77.6,79.25,79.08,79.06,149.66,68.57,"20,24,129","16,00,36,498.44","21,076",75.5672,82.72039999999998,88.46773333333333,92.89020000000001,102.2878,108.83045,107.74214549999999,109.9187545,0,0,,
2025-03-24,EQ,80.4,81.41,78.51,79.08,78.81,78.94,80.02,149.66,68.57,"15,95,662","12,76,85,616.89","17,718",75.3804,82.4034,88.12226666666666,92.6023,101.96593333333333,108.63390000000001,107.54756100000002,109.720239,0,0,,
2025-03-25,EQ,79.7,80.72,76.0,78.94,77.3,77.41,77.74,149.66,68.57,"16,69,758","12,98,02,827.80","19,015",75.12480000000001,82.1824,87.7584,92.2723,101.64046666666667,108.41245,107.3283255,109.49657450000001,0,0,,
2025-03-26,EQ,77.64,78.95,75.81,77.41,76.5,76.12,77.2,149.66,68.57,"18,80,115","14,51,41,116.97","19,691",74.90599999999999,81.9114,87.39106666666666,91.9118,101.29353333333334,108.1763,107.094537,109.25806299999999,0,0,,
2025-03-27,EQ,74.85,79.97,74.85,76.12,77.0,77.04,77.51,149.66,68.57,"31,74,059","24,60,09,755.17","30,246",74.91,81.67179999999999,87.04066666666667,91.5451,100.9612,107.9217,106.842483,109.000917,0,0,,
2025-03-28,EQ,78.04,80.0,74.51,77.04,74.6,75.37,76.43,149.66,68.57,"21,39,282","16,34,95,884.12","24,478",74.7972,81.35679999999999,86.67746666666666,91.19940000000001,100.61633333333333,107.66825,106.5915675,108.7449325,0,0,,
2025-04-01,EQ,75.0,77.1,74.75,75.37,76.0,75.86,75.94,149.66,68.57,"7,66,276","5,81,87,428.38","13,512",74.7196,81.056,86.32866666666668,90.8582,100.28866666666667,107.4067,106.332633,108.480767,0,0,,
2025-04-02,EQ,76.2,76.44,74.05,75.86,75.44,75.41,75.32,149.66,68.57,"14,15,773","10,66,39,995.76","17,041",74.6764,80.72059999999999,85.9772,90.4843,99.95866666666666,107.14285,106.0714215,108.21427849999999,0,0,,
2025-04-03,EQ,74.91,77.44,74.05,75.41,76.81,76.83,76.35,149.66,68.57,"7,95,891","6,07,69,996.82","12,243",74.7092,80.3972,85.64200000000001,90.13889999999999,99.60046666666666,106.8848,105.815952,107.953648,0,0,,
2025-04-04,EQ,77.25,77.25,74.0,76.83,75.2,74.97,74.75,149.66,68.57,"16,60,539","12,41,21,879.78","17,071",74.6468,80.0974,85.30640000000001,89.7825,99.26239999999999,106.6164,105.550236,107.682564,0,0,,
2025-04-07,EQ,70.0,72.1,69.7,74.97,71.99,71.75,71.33,149.66,68.57,"20,97,730","14,96,39,983.06","28,737",74.5084,79.7454,84.93866666666668,89.4155,98.90266666666666,106.33985000000001,105.27645150000001,107.40324850000002,0,0,,
2025-04-08,EQ,72.26,73.9,72.11,71.75,72.46,72.28,72.56,149.66,68.57,"12,33,114","8,94,73,904.20","12,190",74.55199999999999,79.425,84.5792,89.07430000000001,98.54453333333333,106.06224999999999,105.0016275,107.12287249999999,0,0,,
2025-04-09,EQ,72.05,72.39,70.93,72.28,72.39,71.75,71.42,149.66,68.57,"11,64,548","8,31,71,126.83","11,966",74.564,79.1158,84.24693333333335,88.73020000000001,98.18053333333333,105.77529999999999,104.71754699999998,106.83305299999999,0,0,,
2025-04-11,EQ,72.6,73.89,72.0,71.75,72.2,72.16,72.72,149.66,68.57,"9,38,069","6,82,14,936.74","11,726",74.6164,78.8088,83.93093333333333,88.4092,97.82213333333333,105.50164999999998,104.44663349999998,106.55666649999999,0,0,,
2025-04-15,EQ,74.05,76.04,73.8,72.16,75.9,75.6,75.24,149.66,68.57,"8,41,026","6,32,76,237.45","11,554",74.6692,78.5358,83.65853333333334,88.1442,97.48486666666666,105.238,104.18562,106.29038,0,0,,
2025-04-16,EQ,76.1,77.39,76.1,75.6,77.0,76.83,76.86,149.66,68.57,"6,38,858","4,91,05,496.32","11,314",74.76320000000001,78.2928,83.38253333333334,87.91040000000001,97.18246666666667,104.98689999999999,103.93703099999999,106.03676899999999,0,0,,
2025-04-17,EQ,77.44,77.75,75.56,76.83,77.41,77.37,77.11,149.66,68.57,"5,97,507","4,60,74,605.90","7,657",74.8596,78.0424,83.13026666666667,87.7124,96.89893333333332,104.75575,103.70819250000001,105.8033075,0,0,,
2025-04-21,EQ,78.0,78.99,77.2,77.37,78.5,78.69,78.43,149.66,68.57,"7,82,022","6,13,31,345.42","9,920",75.12400000000001,77.745,82.88613333333333,87.501,96.5828,104.53215,103.4868285,105.5774715,0,0,,
2025-04-22,EQ,78.99,84.0,77.81,78.69,83.55,83.5,82.52,149.66,68.57,"33,71,230","27,81,97,271.15","27,120",75.5728,77.6186,82.70186666666666,87.3416,96.31553333333333,104.3217,103.27848300000001,105.364917,0,0,,
2025-04-23,EQ,84.2,86.25,81.63,83.5,85.6,85.3,83.41,149.66,68.57,"42,18,094","35,18,21,010.64","23,423",76.1232,77.5206,82.49866666666667,87.16560000000001,96.03326666666668,104.12695,103.0856805,105.16821949999999,0,0,,
2025-04-24,EQ,85.3,88.4,84.0,85.3,84.06,84.36,85.78,149.66,68.57,"19,84,562","17,02,37,734.12","18,741",76.6504,77.3852,82.2416,86.96789999999999,95.71419999999999,103.9242,102.884958,104.963442,0,0,,
2025-04-25,EQ,84.0,85.2,80.27,84.36,83.41,83.36,82.55,149.66,68.57,"23,29,306","19,22,90,107.73","20,042",77.1344,77.2148,81.97106666666667,86.74610000000001,95.4128,103.70254999999999,102.66552449999999,104.73957549999999,0,0,,
2025-04-28,EQ,83.4,83.64,81.57,83.36,82.84,83.01,82.8,149.66,68.57,"8,97,040","7,42,73,438.78","11,329",77.4868,77.066,81.7772,86.5465,95.12326666666667,103.4781,102.443319,104.512881,0,0,,
2025-04-29,EQ,83.14,84.94,81.91,83.01,82.25,82.17,83.0,149.66,68.57,"10,23,158","8,49,24,974.34","9,626",77.71039999999999,76.9126,81.55853333333333,86.31280000000001,94.8456,103.2593,102.22670699999999,104.291893,0,0,,
2025-04-30,EQ,82.5,82.96,79.85,82.17,80.1,80.1,81.27,149.66,68.57,"7,43,657","6,04,37,870.21","10,191",77.8104,76.7792,81.32893333333334,86.05560000000001,94.57019999999999,103.03059999999999,102.000294,104.06090599999999,0,0,,
2025-05-02,EQ,80.26,81.57,79.63,80.1,80.5,80.52,80.52,149.66,68.57,"7,60,168","6,12,07,594.98","9,214",77.868,76.7176,81.10293333333334,85.81779999999999,94.29113333333333,102.79639999999999,101.768436,103.82436399999999,0,0,,
2025-05-05,EQ,80.6,81.5,80.19,80.52,81.3,81.26,81.02,149.66,68.57,"4,29,280","3,47,81,031.28","6,546",77.9608,76.67060000000001,80.92253333333333,85.5819,94.0072,102.56730000000002,101.54162700000002,103.59297300000001,0,0,,
2025-05-06,EQ,81.28,82.5,80.4,81.26,81.15,81.21,81.05,149.66,68.57,"10,17,093","8,24,39,925.65","9,957",78.1128,76.6188,80.82586666666666,85.34700000000001,93.7262,102.34305,101.3196195,103.36648050000001,0,0,,
2025-05-07,EQ,79.5,81.52,79.5,81.21,81.5,81.01,80.91,149.66,68.57,"6,73,482","5,44,92,596.47","9,362",78.3084,76.6072,80.71039999999999,85.1204,93.45326666666668,102.10305,101.0820195,103.12408049999999,0,0,,
2025-05-08,EQ,81.63,82.5,80.4,81.01,80.4,81.16,81.53,149.66,68.57,"8,17,307","6,66,33,162.64","9,864",78.4732,76.6916,80.6056,84.89880000000001,93.18953333333333,101.86695,100.8482805,102.8856195,0,0,,
2025-05-09,EQ,74.06,83.8,74.06,81.16,83.32,82.96,81.04,149.66,68.57,"15,52,300","12,58,01,993.89","16,066",78.7768,76.78699999999999,80.49680000000001,84.7023,92.935,101.6459,100.629441,102.662359,0,0,,
2025-05-12,EQ,84.51,85.0,83.76,82.96,84.15,84.16,84.22,149.66,68.57,"9,58,572","8,07,31,668.51","11,531",79.1088,76.9142,80.40693333333333,84.52369999999999,92.71106666666667,101.44400000000002,100.42956000000001,102.45844000000002,0,0,,
2025-05-13,EQ,84.27,87.3,84.15,84.16,86.52,86.54,86.09,149.66,68.57,"11,50,026","9,90,07,946.40","14,226",79.554,77.1152,80.33173333333333,84.37140000000001,92.49313333333335,101.25665,100.24408349999999,102.2692165,0,0,,
2025-05-14,EQ,86.99,87.19,86.3,86.54,86.95,86.8,86.8,149.66,68.57,"6,44,174","5,59,15,864.25","9,047",79.9528,77.33099999999999,80.24906666666666,84.21969999999999,92.28366666666666,101.06855000000002,100.05786450000001,102.07923550000002,0,0,,
2025-05-15,EQ,87.0,88.14,86.15,86.8,86.7,86.58,87.07,149.66,68.57,"9,36,841","8,15,73,747.61","15,031",80.41720000000001,77.532,80.20400000000001,84.08409999999999,92.0998,100.8619,99.85328100000001,101.870519,0,0,,
2025-05-16,EQ,87.0,89.4,86.7,86.58,87.8,87.67,88.01,149.66,68.57,"16,45,671","14,48,40,301.52","18,524",81.054,77.7812,80.1816,83.9675,91.94346666666667,100.62480000000001,99.61855200000001,101.631048,0,0,,
2025-05-19,EQ,88.9,91.0,87.21,87.67,90.9,90.19,89.17,149.66,68.57,"16,13,515","14,38,70,903.42","16,863",81.7704,78.1612,80.2068,83.87700000000001,91.79573333333333,100.39545,99.39149549999999,101.3994045,0,0,,
2025-05-20,EQ,90.96,92.3,88.1,90.19,88.7,88.7,90.48,149.66,68.57,"16,92,735","15,31,54,674.24","18,902",82.4484,78.5062,80.22666666666667,83.79729999999999,91.62453333333332,100.15005000000001,99.1485495,101.15155050000001,0,0,,
2025-05-21,EQ,89.1,90.91,87.51,88.7,89.9,89.87,89.3,149.66,68.57,"9,14,040","8,16,25,262.87","14,764",83.1568,78.8866,80.25813333333333,83.7374,91.46966666666667,99.90375,98.9047125,100.9027875,0,0,,
2025-05-22,EQ,90.0,90.58,88.85,89.87,89.8,89.85,89.74,149.66,68.57,"6,29,458","5,64,85,352.86","8,712",83.7268,79.19800000000001,80.26613333333331,83.67560000000002,91.279,99.62254999999999,98.6263245,100.61877549999998,0,0,,
2025-05-23,EQ,90.0,91.44,88.88,89.85,90.4,90.56,90.52,149.66,68.57,"9,06,867","8,20,91,154.37","10,473",84.27600000000001,79.5196,80.2872,83.6059,91.10646666666666,99.365,98.37134999999999,100.35865,0,0,,
2025-05-26,EQ,91.0,93.2,90.36,90.56,92.3,92.33,91.89,149.66,68.57,"9,66,823","8,88,40,806.40","12,276",84.87440000000001,79.867,80.31973333333333,83.5663,90.90986666666666,99.12805,98.1367695,100.1193305,0,0,,
2025-05-27,EQ,92.83,93.4,91.59,92.33,92.37,92.38,92.32,149.66,68.57,"9,20,890","8,50,19,123.64","10,715",85.42199999999998,80.273,80.304,83.52009999999999,90.70846666666665,98.93619999999999,97.94683799999999,99.92556199999999,0,0,,
2025-05-28,EQ,92.83,94.25,92.36,92.38,93.2,93.07,93.24,149.66,68.57,"7,93,508","7,39,87,913.20","8,428",85.8048,80.6888,80.34733333333332,83.4776,90.55353333333333,98.76209999999999,97.77447899999999,99.749721,0,0,,
2025-05-29,EQ,93.54,93.89,92.08,93.07,92.49,92.45,92.66,149.66,68.57,"6,11,501","5,66,59,266.92","6,788",86.09079999999999,81.107,80.37733333333333,83.3967,90.37613333333333,98.56385,97.5782115,99.54948850000001,0,0,,
2025-05-30,EQ,92.45,93.17,88.7,92.45,91.92,92.29,91.84,149.66,68.57,"7,93,623","7,28,84,306.49","10,692",86.40800000000002,81.5292,80.3928,83.2832,90.23073333333333,98.38325,97.3994175,99.36708250000001,0,0,,
2025-06-02,EQ,92.0,92.4,89.75,92.29,89.9,89.95,90.49,149.66,68.57,"12,70,890","11,49,97,386.44","14,478",86.6716,81.90299999999999,80.36706666666666,83.1462,90.09413333333333,98.1918,97.209882,99.17371800000001,0,0,,
2025-06-03,EQ,90.0,90.64,88.3,89.95,88.9,88.65,89.48,149.66,68.57,"5,38,752","4,82,07,105.73","6,746",86.89720000000001,82.19200000000001,80.34306666666666,83.05720000000001,89.9378,97.99045,97.01054549999999,98.9703545,0,0,,
2025-06-04,EQ,89.06,89.06,86.36,88.65,88.05,87.96,87.53,149.66,68.57,"8,44,783","7,39,46,371.80","10,763",87.12880000000001,82.4196,80.318,82.95110000000001,89.7902,97.79905000000001,96.8210595,98.77704050000001,0,0,,
2025-06-05,EQ,88.05,89.45,88.05,87.96,88.28,88.43,88.84,149.66,68.57,"4,01,541","3,56,71,204.61","6,722",87.46199999999999,82.63619999999999,80.34013333333334,82.86219999999999,89.6662,97.61679999999998,96.64063199999998,98.59296799999998,0,0,,
2025-06-06,EQ,88.59,89.31,88.27,88.43,88.8,88.8,88.82,149.66,68.57,"4,24,975","3,77,44,295.76","6,853",87.7932,82.83059999999999,80.40946666666667,82.7755,89.53699999999999,97.4235,96.449265,98.39773500000001,0,0,,
2025-06-09,EQ,89.31,92.3,89.15,88.8,91.63,91.76,91.21,149.66,68.57,"10,80,849","9,85,82,116.45","10,925",88.2132,83.08699999999999,80.51813333333332,82.74520000000001,89.43053333333333,97.24619999999999,96.27373799999998,98.218662,0,0,,
2025-06-10,EQ,92.19,93.84,91.35,91.76,91.89,91.66,92.53,149.66,68.57,"11,34,370","10,49,68,443.65","14,205",88.6312,83.37200000000001,80.62293333333334,82.7772,89.30553333333333,97.07334999999999,96.1026165,98.04408349999999,0,0,,
2025-06-11,EQ,92.1,93.95,91.08,91.66,91.8,91.66,92.43,149.66,68.57,"10,05,036","9,28,91,909.24","11,394",89.05720000000001,83.6828,80.7572,82.79709999999999,89.1688,96.89084999999999,95.92194149999999,97.85975849999998,0,0,,
2025-06-12,EQ,91.66,92.36,89.29,91.66,90.2,90.11,90.87,149.66,68.57,"5,76,452","5,23,81,877.53","8,767",89.4152,83.9442,80.9328,82.808,89.01146666666666,96.70694999999999,95.7398805,97.67401949999999,0,0,,
2025-06-13,EQ,88.45,89.78,88.0,90.11,89.24,89.05,88.98,149.66,68.57,"4,27,728","3,80,57,898.00","7,634",89.65879999999999,84.21780000000001,81.07759999999999,82.7873,88.8722,96.5167,95.551533,97.481867,0,0,,
2025-06-16,EQ,89.05,89.2,86.6,89.05,88.55,88.51,87.98,149.66,68.57,"6,29,761","5,54,06,960.79","9,301",89.8328,84.4708,81.22040000000001,82.7634,88.72906666666665,96.3342,95.370858,97.29754199999999,0,0,,
2025-06-17,EQ,88.51,90.16,87.0,88.51,87.3,87.44,88.63,149.66,68.57,"5,19,667","4,60,56,980.72","10,119",89.86880000000001,84.7114,81.3664,82.71600000000001,88.56,96.14685,95.1853815,97.1083185,0,0,,
2025-06-18,EQ,87.32,93.3,86.7,87.44,92.49,91.9,91.37,149.66,68.57,"48,10,957","43,95,92,848.57","46,666",90.07279999999999,85.01279999999998,81.57826666666666,82.705,88.4302,95.95355,94.9940145,96.91308550000001,0,0,,
2025-06-19,EQ,91.9,92.14,88.2,91.9,88.45,88.76,89.74,149.66,68.57,"15,27,944","13,71,22,878.90","21,106",90.16,85.28859999999999,81.74133333333333,82.69300000000001,88.28453333333333,95.76895,94.8112605,96.7266395,0,0,,
2025-06-20,EQ,88.11,89.92,87.51,88.76,89.53,89.29,88.89,149.66,68.57,"6,70,225","5,95,74,571.97","10,521",90.2248,85.63939999999998,81.92906666666666,82.69239999999999,88.1568,95.58685,94.6309815,96.54271849999999,0,0,,
2025-06-23,EQ,89.0,89.39,87.88,89.29,89.2,89.15,88.74,149.66,68.57,"4,94,759","4,39,02,996.95","7,857",90.1832,85.9768,82.16853333333334,82.7009,88.04180000000001,95.40259999999998,94.44857399999998,96.35662599999998,0,0,,
2025-06-24,EQ,89.51,91.3,89.51,89.15,90.04,90.17,90.41,149.66,68.57,"9,46,711","8,55,88,195.49","11,343",90.242,86.3452,82.41813333333334,82.73049999999999,87.93520000000001,95.2217,94.269483,96.173917,0,0,,
2025-06-25,EQ,90.59,95.79,90.18,90.17,94.4,94.32,93.71,149.66,68.57,"33,02,394","30,94,79,581.27","29,006",90.42,86.7884,82.73106666666666,82.7986,87.86893333333333,95.06370000000001,94.11306300000001,96.01433700000001,0,0,,
2025-06-26,EQ,94.8,95.34,92.18,94.32,94.0,93.99,93.51,149.66,68.57,"14,47,235","13,53,36,734.06","17,883",90.58560000000001,87.15619999999998,82.99386666666666,82.846,87.81486666666666,94.90270000000001,93.95367300000001,95.85172700000001,0,0,,
2025-06-27,EQ,94.0,96.89,93.32,93.99,95.0,95.09,95.15,149.66,68.57,"26,51,949","25,23,34,397.39","22,935",90.76679999999999,87.5214,83.26866666666666,82.90709999999999,87.78073333333333,94.76719999999999,93.81952799999999,95.71487199999999,0,0,,
2025-06-30,EQ,95.55,96.0,94.06,95.09,94.99,94.71,95.05,149.66,68.57,"14,28,778","13,58,06,444.03","16,041",90.862,87.8682,83.532,82.95530000000001,87.76433333333333,94.64125,93.6948375,95.5876625,0,0,,
2025-07-01,EQ,94.71,96.0,94.55,94.71,95.1,95.2,95.21,149.66,68.57,"9,82,857","9,35,73,408.84","10,632",90.97480000000002,88.1984,83.84026666666666,82.9717,87.73346666666667,94.4867,93.541833,95.431567,0,0,,
2025-07-02,EQ,95.59,95.69,93.87,95.2,94.94,94.8,94.61,149.66,68.57,"7,65,047","7,23,82,667.72","8,549",91.044,88.4244,84.14053333333334,83.0215,87.70253333333334,94.34275,93.3993225,95.2861775,0,0,,
2025-07-03,EQ,95.18,96.36,94.5,94.8,95.6,95.92,95.56,149.66,68.57,"11,15,667","10,66,11,749.74","11,639",91.18279999999999,88.63680000000001,84.4656,83.07870000000001,87.65599999999999,94.18414999999999,93.2423085,95.12599149999998,0,1,,95.92
2025-07-04,EQ,96.29,96.29,94.5,95.92,94.72,94.69,95.05,149.66,68.57,"7,75,792","7,37,41,008.73","8,534",91.27879999999999,88.8434,84.77906666666667,83.1143,87.59306666666666,93.99650000000001,93.05653500000001,94.93646500000001,0,0,,
2025-07-07,EQ,94.66,95.27,93.0,94.69,93.01,93.23,93.97,149.66,68.57,"7,71,152","7,24,64,255.43","9,079",91.41,89.0408,85.072,83.12780000000001,87.511,93.81980000000001,92.88160200000002,94.75799800000001,0,0,,
2025-07-08,EQ,93.05,93.91,92.5,93.23,93.25,93.23,93.13,149.66,68.57,"6,71,492","6,25,36,427.90","9,521",91.5932,89.24520000000001,85.32573333333333,83.15559999999999,87.44606666666667,93.65375,92.7172125,94.5902875,0,0,,
2025-07-09,EQ,93.29,97.69,93.29,93.23,95.45,95.61,95.95,149.66,68.57,"24,70,926","23,70,77,031.86","22,642",91.89920000000001,89.51400000000001,85.57946666666666,83.2133,87.37986666666666,93.51270000000001,92.57757300000002,94.447827,0,0,,
2025-07-10,EQ,95.7,97.4,95.65,95.61,96.5,96.29,96.5,149.66,68.57,"13,32,412","12,85,75,486.21","11,927",92.2136,89.8378,85.82866666666668,83.30849999999998,87.31633333333333,93.38709999999999,92.453229,94.32097099999999,0,0,,
2025-07-11,EQ,96.29,96.61,94.1,96.29,94.21,94.42,95.23,149.66,68.57,"7,25,132","6,90,57,522.78","8,256",92.4384,90.1158,86.03320000000001,83.4167,87.25046666666667,93.2473,92.314827,94.179773,0,0,,
2025-07-14,EQ,94.44,94.95,93.35,94.42,93.56,93.52,93.94,149.66,68.57,"6,48,430","6,09,15,536.46","10,849",92.50880000000001,90.361,86.2276,83.5158,87.17493333333334,93.09565,92.1646935,94.02660650000001,0,0,,
2025-07-15,EQ,93.52,96.55,93.52,93.52,95.45,95.3,95.4,149.66,68.57,"12,58,311","12,00,45,466.29","12,925",92.65439999999998,90.64280000000001,86.46613333333333,83.6308,87.11226666666667,92.95535,92.0257965,93.8849035,0,0,,
2025-07-16,EQ,95.25,97.0,95.25,95.3,96.38,96.27,96.32,149.66,68.57,"8,21,513","7,91,28,037.03","9,308",92.83879999999999,90.948,86.73479999999999,83.7776,87.06293333333333,92.82695,91.8986805,93.7552195,0,0,,
2025-07-17,EQ,96.3,98.85,96.25,96.27,96.9,96.78,97.53,149.66,68.57,"20,20,769","19,70,86,465.34","16,178",93.1056,91.2604,86.998,83.976,87.01933333333334,92.70725,91.78017750000001,93.6343225,0,0,,
2025-07-18,EQ,97.24,97.31,94.4,96.78,94.69,94.58,95.21,149.66,68.57,"10,59,496","10,08,75,465.96","10,911",93.3268,91.4928,87.25413333333334,84.1399,86.96579999999999,92.57445,91.64870549999999,93.5001945,0,0,,
2025-07-21,EQ,94.58,96.6,94.0,94.58,96.0,95.96,95.69,149.66,68.57,"8,73,937","8,36,27,473.15","22,382",93.6248,91.7288,87.52213333333333,84.3215,86.9254,92.46549999999999,91.54084499999999,93.390155,0,0,,
2025-07-22,EQ,96.26,97.85,96.1,95.96,96.64,96.51,96.59,149.66,68.57,"6,24,702","6,03,40,644.74","9,572",93.98759999999999,91.9282,87.80346666666665,84.5217,86.89033333333334,92.35189999999999,91.42838099999999,93.27541899999999,0,0,,
2025-07-23,EQ,96.54,97.02,95.4,96.51,96.39,96.28,96.28,149.66,68.57,"5,11,384","4,92,34,516.27","9,532",94.1628,92.1178,88.0628,84.7244,86.85239999999999,92.24220000000001,91.31977800000001,93.16462200000001,0,0,,
2025-07-24,EQ,96.3,97.63,95.05,96.28,95.25,95.37,96.36,149.66,68.57,"6,90,765","6,65,61,854.32","9,827",94.4272,92.29360000000001,88.3348,84.91279999999999,86.8206,92.14825,91.22676750000001,93.0697325,0,0,,
2025-07-25,EQ,95.45,96.2,93.1,95.37,93.48,93.39,94.37,149.66,68.57,"7,16,979","6,76,64,018.24","12,335",94.59120000000001,92.40800000000002,88.62333333333333,85.09460000000001,86.78099999999999,92.05959999999999,91.13900399999999,92.98019599999999,0,0,,
2025-07-28,EQ,93.39,94.57,89.63,93.39,90.89,90.4,91.88,149.66,68.57,"6,53,749","6,00,63,885.00","14,783",94.64119999999998,92.4122,88.86493333333333,85.2867,86.72206666666666,91.94985000000001,91.03035150000001,92.86934850000002,1,0,90.4,
2025-07-29,EQ,90.39,95.12,90.39,90.4,94.0,93.88,93.6,149.66,68.57,"11,87,167","11,11,22,157.56","22,072",94.7896,92.5158,89.16,85.51099999999998,86.70346666666667,91.84734999999999,90.92887649999999,92.7658235,0,1,,93.88
2025-07-30,EQ,94.04,95.05,93.05,93.88,93.5,93.32,93.43,149.66,68.57,"6,87,788","6,42,61,756.43","7,606",94.74960000000002,92.5848,89.44213333333333,85.73570000000001,86.68653333333333,91.74845,90.8309655,92.6659345,0,0,,
2025-07-31,EQ,90.55,92.77,90.55,93.32,92.48,91.73,92.01,149.66,68.57,"4,45,500","4,09,92,403.47","6,558",94.6592,92.62240000000001,89.6572,85.9102,86.65786666666666,91.61485,90.6987015,92.53099850000001,0,0,,
2025-08-01,EQ,92.48,93.42,90.25,91.73,90.65,90.68,91.88,149.66,68.57,"4,39,919","4,04,18,406.81","8,205",94.48280000000001,92.6248,89.84186666666666,86.07220000000001,86.6122,91.48605000000002,90.57118950000002,92.40091050000002,0,0,,
2025-08-04,EQ,90.68,91.75,89.99,90.68,90.85,90.8,90.77,136.0,68.57,"4,31,992","3,92,11,807.46","8,601",94.3264,92.5942,90.02093333333333,86.2306,86.5756,91.33095000000002,90.41764050000002,92.24425950000001,0,0,,
2025-08-05,EQ,90.8,91.71,90.05,90.8,90.28,90.31,90.53,136.0,68.57,"3,75,198","3,39,66,983.61","8,632",94.1308,92.5528,90.17586666666668,86.4129,86.53099999999999,91.16955,90.2578545,92.08124550000001,0,0,,
2025-08-06,EQ,90.24,91.43,88.82,90.31,89.18,89.24,89.64,136.0,68.57,"2,89,677","2,59,67,736.88","6,630",93.9084,92.4762,90.25240000000001,86.5825,86.47713333333333,91.0342,90.123858,91.944542,1,0,89.24,
2025-08-07,EQ,88.9,89.76,87.75,89.24,89.45,89.29,88.6,136.0,68.57,"4,17,076","3,69,53,200.62","9,087",93.6432,92.41300000000001,90.3056,86.76,86.40213333333332,90.88535,89.9764965,91.79420350000001,0,0,,
2025-08-08,EQ,89.69,89.95,88.68,89.29,89.1,88.96,89.09,136.0,68.57,"3,12,617","2,78,52,376.26","5,845",93.414,92.34639999999999,90.36693333333334,86.93779999999998,86.30426666666666,90.75965000000001,89.85205350000001,91.6672465,0,0,,
2025-08-11,EQ,88.96,89.8,88.42,88.96,89.12,89.23,88.94,133.99,68.57,"2,80,549","2,49,50,725.56","5,634",93.25399999999999,92.332,90.44519999999999,87.1175,86.20813333333332,90.65360000000001,89.74706400000001,91.56013600000001,0,0,,
2025-08-12,EQ,89.95,91.28,89.56,89.23,91.0,90.97,90.84,133.99,68.57,"4,35,223","3,95,33,550.73","8,380",93.1636,92.3784,90.55133333333333,87.2852,86.16426666666668,90.54795,89.6424705,91.4534295,0,0,,
2025-08-13,EQ,91.05,91.65,89.6,90.97,89.86,90.03,90.55,133.99,68.57,"3,89,788","3,52,96,643.00","9,905",92.9404,92.4198,90.65613333333333,87.4197,86.10733333333333,90.44760000000001,89.543124,91.35207600000001,0,0,,
2025-08-14,EQ,90.0,92.03,89.01,90.03,90.5,90.61,90.45,133.99,68.57,"10,79,843","9,76,70,144.73","12,281",92.7132,92.46340000000001,90.79626666666667,87.54979999999999,86.06259999999999,90.3655,89.461845,91.269155,0,0,,
2025-08-18,EQ,91.36,94.6,91.36,90.61,93.48,92.96,93.33,133.99,68.57,"14,44,962","13,48,53,118.39","14,777",92.6548,92.5466,90.96213333333333,87.68860000000001,86.03253333333333,90.2894,89.386506,91.192294,0,1,,92.96
2025-08-19,EQ,93.4,107.5,93.11,92.96,103.15,102.92,103.97,133.99,68.57,"7,39,00,615","7,68,32,03,114.34","2,56,877",93.0308,92.76980000000002,91.25093333333334,87.9284,86.08673333333333,90.26535,89.3626965,91.1680035,0,0,,
2025-08-20,EQ,105.0,109.5,104.9,102.92,107.5,106.54,107.26,133.99,68.57,"3,89,47,288","4,17,75,07,248.90","1,51,554",93.4804,93.06739999999999,91.58866666666667,88.21969999999999,86.20726666666667,90.24599999999998,89.34353999999998,91.14845999999999,0,0,,
2025-08-21,EQ,107.7,108.0,101.2,106.54,101.49,101.55,103.74,133.99,68.57,"69,03,104","71,61,50,329.80","41,555",93.6916,93.2652,91.86253333333333,88.47399999999999,86.28646666666667,90.19290000000001,89.29097100000001,91.094829,0,0,,
2025-08-22,EQ,101.85,103.34,101.11,101.55,102.14,102.19,101.98,133.99,68.57,"27,30,124","27,84,23,702.43","20,603",93.90799999999999,93.5068,92.14293333333333,88.7255,86.37426666666666,90.1353,89.233947,91.036653,0,0,,
2025-08-25,EQ,102.9,105.7,100.2,102.19,102.95,102.81,102.98,133.99,68.57,"47,39,301","48,80,50,485.33","28,624",94.23719999999999,93.78199999999998,92.4076,88.9999,86.4522,90.09965,89.19865349999999,91.0006465,0,0,,
2025-08-26,EQ,102.8,103.34,100.0,102.81,100.49,100.72,101.29,133.99,68.57,"13,18,924","13,35,96,475.50","14,358",94.4276,94.02619999999999,92.6284,89.2485,86.51766666666667,90.05335,89.1528165,90.95388349999999,0,0,,
2025-08-28,EQ,100.02,103.45,99.69,100.72,101.23,101.19,101.65,133.99,68.57,"28,68,128","29,15,54,771.77","23,423",94.61480000000002,94.30120000000001,92.82373333333334,89.50630000000001,86.57773333333333,89.9953,89.095347,90.895253,0,0,,
2025-08-29,EQ,101.62,105.9,101.28,101.19,103.9,103.76,104.26,133.99,68.57,"60,12,577","62,68,42,389.17","42,256",94.914,94.5384,93.04986666666666,89.77560000000001,86.64946666666667,89.95725,89.0576775,90.8568225,0,0,,
2025-09-01,EQ,105.15,107.16,104.45,103.76,105.85,105.94,105.89,133.99,68.57,"47,64,786","50,45,47,247.90","34,716",95.3368,94.882,93.308,90.08529999999999,86.756,89.9339,89.034561,90.83323899999999,0,0,,
2025-09-02,EQ,106.46,112.6,104.65,105.94,107.85,107.88,109.69,133.99,68.57,"93,37,293","1,02,42,34,384.18","57,001",95.9164,95.25380000000001,93.57746666666667,90.4466,86.87953333333333,89.93105,89.0317395,90.8303605,0,0,,
2025-09-03,EQ,108.69,109.4,106.72,107.88,108.99,108.86,108.41,133.99,68.57,"21,29,825","23,08,94,094.11","16,483",96.65480000000001,95.648,93.82639999999999,90.81240000000001,87.0166,89.94335,89.0439165,90.8427835,0,0,,
2025-09-04,EQ,110.0,111.29,104.85,108.86,106.31,106.06,106.8,133.99,68.57,"39,47,422","42,16,00,483.06","27,458",97.14200000000001,95.9658,94.05786666666667,91.15550000000002,87.14226666666667,89.94284999999999,89.0434215,90.84227849999999,0,0,,
2025-09-05,EQ,106.09,109.51,105.96,106.06,107.61,107.73,107.96,133.99,68.57,"20,55,079","22,18,74,497.26","18,460",97.7184,96.234,94.29599999999999,91.5112,87.27706666666667,89.9602,89.060598,90.859802,0,0,,
2025-09-08,EQ,108.89,108.89,106.06,107.73,106.93,106.46,107.05,133.99,68.57,"16,62,061","17,79,23,898.07","15,846",98.30760000000001,96.4834,94.51746666666668,91.81980000000001,87.3918,89.98200000000001,89.08218000000001,90.88182000000002,0,0,,
2025-09-09,EQ,107.0,114.34,106.75,106.46,109.95,109.9,111.87,133.99,68.57,"1,22,40,613","1,36,93,19,815.38","74,483",99.07639999999999,96.77959999999999,94.77533333333332,92.15050000000001,87.53126666666665,90.03045,89.1301455,90.9307545,0,0,,
2025-09-10,EQ,110.48,110.48,107.55,109.9,108.3,108.19,108.5,133.99,68.57,"23,48,539","25,48,09,691.93","17,144",99.77199999999999,97.0492,94.9868,92.4587,87.65326666666667,90.08555,89.18469449999999,90.9864055,0,0,,
2025-09-11,EQ,108.29,109.25,106.48,108.19,107.9,107.48,107.78,133.99,68.57,"15,15,992","16,33,88,189.39","12,936",100.4588,97.2948,95.18813333333333,92.7466,87.74606666666666,90.12379999999999,89.22256199999998,91.025038,0,0,,
2025-09-12,EQ,107.48,109.69,106.66,107.48,107.82,108.04,108.1,133.99,68.57,"18,64,131","20,15,07,685.10","14,278",101.2108,97.55959999999999,95.38773333333333,92.99199999999999,87.86753333333334,90.16680000000001,89.26513200000001,91.06846800000001,0,0,,
2025-09-15,EQ,107.89,110.0,107.42,108.04,108.77,108.66,108.57,133.99,68.57,"16,08,814","17,46,65,918.73","14,894",101.98560000000002,97.8144,95.60386666666666,93.2256,87.9906,90.1956,89.293644,91.097556,0,0,,
2025-09-16,EQ,108.9,109.54,107.85,108.66,108.15,108.12,108.5,133.99,68.57,"10,73,508","11,64,80,614.88","8,394",102.75200000000001,98.08300000000001,95.81493333333333,93.4632,88.10386666666666,90.21555000000001,89.3133945,91.11770550000001,0,0,,
2025-09-17,EQ,108.19,112.48,108.11,108.12,108.85,108.88,110.02,133.99,68.57,"32,46,819","35,72,19,973.72","22,033",103.53800000000001,98.396,96.06733333333334,93.7184,88.2172,90.23225000000001,89.32992750000001,91.1345725,0,0,,
2025-09-18,EQ,108.88,108.88,106.76,108.88,107.74,107.7,107.51,133.99,68.57,"12,03,487","12,93,87,838.12","11,677",104.2072,98.68540000000002,96.32133333333334,93.96530000000001,88.3322,90.2559,89.353341,91.158459,0,0,,
2025-09-19,EQ,107.7,108.9,107.0,107.7,107.96,107.86,107.71,133.99,68.57,"11,55,968","12,45,04,731.67","9,430",104.92040000000001,98.93039999999999,96.58666666666667,94.22220000000002,88.45233333333334,90.2675,89.364825,91.170175,0,0,,
2025-09-22,EQ,107.5,107.96,104.3,107.86,105.0,104.73,105.97,125.29,68.57,"13,47,216","14,27,61,651.79","13,713",105.4852,99.0992,96.804,94.4685,88.57206666666666,90.26205,89.3594295,91.1646705,0,0,,
2025-09-23,EQ,105.0,109.69,104.45,104.73,106.9,107.31,107.76,125.29,68.57,"40,25,369","43,37,54,249.56","29,458",106.0592,99.35699999999999,97.0508,94.73639999999999,88.73013333333334,90.27709999999999,89.37432899999999,91.17987099999999,0,0,,
2025-09-24,EQ,107.0,107.13,104.81,107.31,104.94,105.22,105.44,125.29,68.57,"12,67,560","13,36,55,890.24","11,434",106.15119999999999,99.59100000000001,97.23026666666668,94.97599999999998,88.87419999999999,90.27895000000001,89.37616050000001,91.1817395,0,0,,
2025-09-25,EQ,105.0,105.13,101.55,105.22,102.11,102.57,103.47,125.29,68.57,"12,34,577","12,77,47,500.24","11,094",105.9924,99.73639999999999,97.37573333333333,95.18960000000001,88.99933333333333,90.2683,89.365617,91.17098299999999,0,0,,
2025-09-26,EQ,101.74,104.15,100.11,102.57,102.33,103.19,102.02,125.29,68.57,"21,68,018","22,11,76,173.10","19,908",106.058,99.87480000000001,97.52946666666666,95.4114,89.14333333333333,90.26589999999999,89.36324099999999,91.16855899999999,0,0,,
2025-09-29,EQ,103.0,103.0,101.0,103.19,102.0,101.88,101.84,123.5,68.57,"7,84,744","7,99,14,944.36","9,980",106.04560000000001,99.9768,97.6864,95.6186,89.30959999999999,90.25869999999999,89.356113,91.16128699999999,0,0,,
2025-09-30,EQ,101.9,102.39,99.37,101.88,100.63,100.63,100.82,123.5,68.57,"11,34,161","11,43,42,037.42","12,522",105.9584,100.09779999999999,97.84079999999999,95.79529999999998,89.45920000000001,90.24880000000002,89.34631200000001,91.15128800000002,0,0,,
2025-10-01,EQ,99.9,101.6,99.8,100.63,101.09,100.92,100.65,123.5,68.57,"7,83,793","7,88,87,992.08","8,453",105.9664,100.19699999999999,98.00626666666666,95.96289999999999,89.61333333333333,90.2433,89.340867,91.145733,0,0,,
2025-10-03,EQ,100.92,101.9,100.61,100.92,101.7,101.48,101.33,123.5,68.57,"8,23,025","8,33,99,730.45","8,882",105.978,100.2964,98.19346666666667,96.11229999999999,89.77993333333333,90.24185,89.3394315,91.1442685,0,0,,
2025-10-06,EQ,101.64,101.9,98.91,101.48,99.4,99.29,100.09,123.5,68.57,"9,71,588","9,72,43,796.27","9,891",105.7992,100.3566,98.292,96.23719999999999,89.93513333333333,90.22845,89.32616549999999,91.1307345,0,0,,
2025-10-07,EQ,99.29,99.5,97.51,99.29,98.8,98.08,98.57,123.5,68.57,"8,07,200","7,95,64,171.96","8,917",105.48479999999999,100.4108,98.41626666666667,96.3522,90.0788,90.21815000000001,89.31596850000001,91.1203315,0,0,,
2025-10-08,EQ,98.14,99.09,96.1,98.08,96.82,96.95,97.72,123.5,68.57,"8,78,298","8,58,28,024.08","12,919",105.0476,100.48199999999999,98.5184,96.445,90.22373333333333,90.20625,89.3041875,91.1083125,0,0,,
2025-10-09,EQ,96.94,97.7,96.05,96.95,96.8,96.74,96.9,123.5,68.57,"8,80,199","8,52,91,274.91","10,913",104.56279999999998,100.60879999999999,98.61959999999999,96.51050000000001,90.39406666666666,90.19375,89.29181249999999,91.0956875,0,0,,
2025-10-10,EQ,96.4,97.85,96.4,96.74,97.2,97.23,97.19,123.5,68.57,"5,49,927","5,34,47,323.73","6,841",104.2096,100.6758,98.71373333333332,96.5958,90.56593333333333,90.19654999999999,89.29458449999998,91.09851549999999,0,0,,
2025-10-13,EQ,97.0,97.89,96.01,97.23,96.93,96.71,96.74,123.5,68.57,"6,23,004","6,02,71,841.01","9,284",103.7688,100.7436,98.7456,96.6642,90.73833333333333,90.2008,89.298792,91.102808,0,0,,
2025-10-14,EQ,97.0,97.2,93.6,96.71,94.1,94.0,94.91,123.5,68.57,"8,59,644","8,15,89,494.83","9,941",103.2704,100.789,98.74573333333333,96.7057,90.8698,90.19064999999999,89.2887435,91.09255649999999,0,0,,
2025-10-15,EQ,94.0,95.5,93.47,94.0,95.49,95.14,94.37,123.5,68.57,"6,08,103","5,73,87,538.33","8,311",102.68,100.87819999999999,98.7464,96.7515,91.00753333333333,90.1787,89.27691300000001,91.080487,0,0,,
2025-10-16,EQ,95.63,96.21,94.61,95.14,95.0,95.19,95.32,123.5,68.57,"5,47,109","5,21,53,142.82","6,597",102.16,100.96600000000001,98.7528,96.78009999999999,91.14240000000001,90.1732,89.271468,91.07493199999999,0,0,,
2025-10-17,EQ,95.25,95.25,93.2,95.19,93.5,93.51,93.95,123.5,68.57,"5,95,474","5,59,46,989.27","8,532",101.6012,101.03,98.73026666666668,96.7914,91.28526666666667,90.15574999999998,89.25419249999999,91.05730749999998,0,0,,
2025-10-20,EQ,94.0,95.44,92.83,93.51,95.02,94.96,94.05,119.1,68.57,"7,92,362","7,45,23,751.23","9,506",101.07800000000002,101.1444,98.7324,96.81030000000001,91.43646666666666,90.14395,89.24251050000001,91.0453895,0,0,,
2025-10-21,EQ,95.9,96.49,95.48,94.96,96.4,96.12,95.99,119.1,68.57,"2,04,497","1,96,30,532.52","3,431",100.57639999999999,101.281,98.73506666666667,96.847,91.60033333333334,90.12185,89.2206315,91.0230685,0,0,,
2025-10-23,EQ,97.0,97.08,95.0,96.12,95.19,95.16,95.77,119.1,68.57,"4,25,661","4,07,67,150.10","7,029",100.05799999999999,101.405,98.74133333333334,96.8757,91.7602,90.07945,89.17865549999999,90.9802445,0,0,,
2025-10-24,EQ,95.0,95.44,94.02,95.16,94.65,94.44,94.58,119.1,68.57,"3,38,141","3,19,81,900.75","6,106",99.48039999999999,101.5092,98.75746666666666,96.9206,91.91473333333334,90.0334,89.133066,90.933734,0,0,,
2025-10-27,EQ,94.13,95.67,94.05,94.44,94.7,94.74,94.78,114.4,68.57,"5,35,585","5,07,63,676.28","8,697",98.962,101.58460000000001,98.7776,96.9815,92.05166666666666,90.01934999999999,89.11915649999999,90.91954349999999,0,0,,
2025-10-28,EQ,94.74,95.49,94.32,94.74,95.05,95.05,94.99,114.4,68.57,"4,75,330","4,51,53,164.15","6,850",98.44959999999999,101.685,98.77013333333332,97.05239999999999,92.17479999999999,90.00174999999999,89.10173249999998,90.90176749999999,0,0,,
2025-10-29,EQ,95.05,96.4,94.4,95.05,96.19,96.18,95.61,114.4,68.57,"4,46,491","4,26,87,118.91","4,270",98.1076,101.79639999999999,98.76866666666666,97.12990000000002,92.29866666666666,89.99605,89.09608949999999,90.8960105,0,0,,
2025-10-30,EQ,96.2,96.85,94.92,96.18,95.29,95.13,95.64,114.4,68.57,"4,58,023","4,38,03,598.13","3,336",97.62039999999999,101.8398,98.77813333333333,97.19319999999999,92.40566666666666,89.98435,89.0845065,90.88419350000001,0,0,,
2025-10-31,EQ,94.75,95.25,94.45,95.13,94.68,94.56,94.78,114.4,68.57,"3,21,734","3,04,92,500.43","2,969",97.194,101.67259999999999,98.792,97.2212,92.50980000000001,89.9832,89.083368,90.883032,0,0,,
2025-11-03,EQ,94.6,94.62,93.9,94.56,94.0,94.01,94.13,114.34,68.57,"3,32,495","3,12,96,561.73","3,538",96.8516,101.42199999999998,98.7748,97.2447,92.62046666666667,90.01095000000001,89.11084050000001,90.91105950000001,0,0,,
2025-11-04,EQ,94.1,94.43,93.15,94.01,93.4,93.26,93.58,114.34,68.57,"4,64,019","4,34,25,066.70","4,747",96.4544,101.2562,98.73466666666667,97.2607,92.73473333333334,90.0289,89.12861099999999,90.929189,0,0,,
2025-11-06,EQ,93.0,93.24,90.91,93.26,91.19,91.21,91.53,114.34,68.57,"6,22,137","5,69,43,445.03","5,957",96.02759999999998,101.03659999999999,98.6604,97.27169999999998,92.8292,90.03984999999999,89.13945149999999,90.94024849999998,0,0,,
2025-11-07,EQ,91.0,95.59,89.74,91.21,93.25,93.4,93.44,114.34,68.57,"16,28,158","15,21,36,849.61","13,069",95.7384,100.8484,98.64466666666667,97.3152,92.9494,90.05125,89.15073749999999,90.9517625,0,0,,
2025-11-10,EQ,93.4,95.98,93.01,93.4,95.77,95.66,94.49,114.34,68.57,"7,46,852","7,05,71,420.29","6,891",95.528,100.7472,98.64066666666668,97.3867,93.08139999999999,90.07504999999999,89.17429949999999,90.97580049999999,0,0,,
2025-11-11,EQ,96.5,98.4,95.05,95.66,98.05,98.05,96.99,114.34,68.57,"11,42,400","11,07,98,861.72","7,937",95.3908,100.68439999999998,98.66120000000001,97.49279999999999,93.23233333333333,90.10439999999998,89.20335599999999,91.00544399999998,0,0,,
2025-11-12,EQ,98.25,103.1,97.79,98.05,103.04,102.83,101.38,114.34,68.57,"41,23,420","41,80,51,335.93","18,660",95.5324,100.6658,98.74853333333333,97.6021,93.40566666666668,90.15355,89.2520145,91.05508549999999,0,0,,
2025-11-13,EQ,103.0,107.7,100.6,102.83,105.07,105.19,105.01,114.34,68.57,"39,78,493","41,77,65,302.28","22,244",95.8168,100.6508,98.87946666666667,97.76639999999999,93.60713333333334,90.2297,89.32740299999999,91.131997,0,0,,
2025-11-14,EQ,105.43,109.38,104.62,105.19,109.0,109.1,108.46,114.34,68.57,"39,97,719","43,36,02,347.17","22,796",96.30279999999999,100.67519999999999,99.08893333333332,97.9645,93.85613333333333,90.32845000000002,89.42516550000002,91.23173450000002,0,0,,
2025-11-17,EQ,109.18,111.68,108.21,109.1,109.9,110.34,110.48,114.34,68.57,"28,14,858","31,09,72,291.41","18,875",96.8468,100.70479999999999,99.3548,98.17640000000002,94.10986666666666,90.43865000000001,89.53426350000001,91.34303650000001,0,0,,
2025-11-18,EQ,110.34,110.9,107.81,110.34,109.65,109.54,109.45,114.34,68.57,"18,92,334","20,71,21,468.24","9,791",97.3392,100.77439999999999,99.5636,98.37010000000001,94.3618,90.5503,89.644797,91.45580299999999,0,0,,
2025-11-19,EQ,108.0,111.5,107.61,109.54,110.01,110.03,110.1,114.34,68.57,"15,84,797","17,44,92,280.81","11,618",97.87200000000001,100.8204,99.7864,98.52720000000001,94.61426666666667,90.66290000000001,89.75627100000001,91.569529,0,0,,
2025-11-20,EQ,108.15,110.95,107.5,110.03,110.0,109.94,109.32,114.34,68.57,"14,09,382","15,40,75,543.54","11,290",98.5096,100.89,100.02919999999999,98.6867,94.8432,90.76635,89.8586865,91.6740135,0,0,,
2025-11-21,EQ,109.37,109.37,104.71,109.94,105.4,105.57,106.96,114.34,68.57,"10,65,232","11,39,42,215.08","8,317",98.9268,100.8034,100.22773333333333,98.79150000000001,95.03479999999999,90.8493,89.94080699999999,91.757793,0,0,,
2025-11-24,EQ,105.04,105.97,103.42,105.57,104.0,104.17,104.25,114.34,68.57,"7,21,308","7,51,99,130.40","7,917",99.286,100.723,100.40599999999999,98.8861,95.21346666666668,90.92070000000001,90.01149300000002,91.829907,0,0,,
2025-11-25,EQ,103.16,104.3,103.05,104.17,104.0,104.0,103.79,114.34,68.57,"5,37,269","5,57,61,320.01","8,086",99.70559999999999,100.6534,100.58853333333333,98.97409999999999,95.3822,90.97290000000001,90.06317100000001,91.88262900000001,0,0,,
2025-11-26,EQ,104.0,110.0,103.88,104.0,109.55,109.57,108.79,114.34,68.57,"25,53,515","27,78,00,360.63","19,487",100.29,100.68400000000001,100.8596,99.12180000000001,95.556,91.07165,90.1609335,91.98236650000001,0,0,,
